D_P1,D_Q1,D_P3,D_Q3
1530335069,-117.6463623,-25.82481384,0
1530335196,406.8795166,248.2913513,0.81855011
1530335457,921.9525146,329.1647339,830.0650635
1530337331,127.770752,29.74786377,-1.554199219
1530337567,-879.6448364,-210.5759277,-865.9937744
1530337691,-379.4458618,-247.768158,-0.812149048
1530338796,395.3247986,251.3015137,-1.081016541
1530339097,-379.0690613,-245.9618835,-0.679199219
1530339741,-118.4097366,-25.78277206,0
1530341935,125.3977966,20.1902771,-0.945655823
1530342396,394.6895752,255.6835022,0.813354492
1530342696,-378.4595642,-253.0773621,0.133827209
1530342745,396.2561646,251.5987854,1.900543213
1530343045,-380.4127502,-248.1665955,-0.947189331
1530344363,-117.1720963,-28.65800095,-0.945655823
1530345996,393.5440369,248.8963928,1.631896973
1530346296,-377.6686096,-243.5436554,-0.814903259
1530346345,394.0515137,248.4395142,0.948730469
1530346645,-381.3530579,-242.6276855,-0.812477112
1530346658,124.3831787,22.87097168,0
1530349084,-116.98172,-28.6113739,0.945655823
1530349595,391.3933411,255.2962036,4.575187683
1530349895,-378.348938,-244.6605072,0.132286072
1530349944,397.7842407,248.3369751,0.813682556
1530350244,-381.3141785,-240.9459686,-0.812477112
1530351340,123.5348969,25.65729523,-0.132858276
1530353194,402.2739258,249.6748657,1.756599426
1530353494,-380.6621094,-253.6082153,-0.807342529
1530353543,398.4420166,251.5754089,0.810943604
1530353762,-114.5717468,-30.86532593,0
1530353844,-383.5537415,-241.5071564,-0.810058594
1530356042,126.7175903,21.75006104,0.941070557
1530356794,403.0183716,247.0808411,0.809738159
1530357094,-382.624054,-252.1107178,0.132537842
1530357143,400.6733704,253.6313782,0.807655334
1530357443,-384.8623047,-250.2035065,-0.677848816
1530358436,-116.8830414,-27.55779266,0
1530360394,400.4449158,252.4529572,0.268638611
1530360627,130.9127197,27.50848389,0
1530360694,-387.6722107,-248.6793671,-1.770362854
1530360742,403.0666504,249.6546326,-0.134811401
1530361042,-387.6730347,-243.6465607,-0.816116333
1530363038,-110.8965225,-21.21498871,0
1530363993,401.6641541,251.4765015,-0.134483337
1530364294,-385.9939575,-242.5716095,-0.961166382
1530364341,405.3753662,243.5406799,0.959602356
1530364642,-387.8309326,-237.6251373,-0.68586731
1530365263,126.8742676,20.18453979,0
1530367593,400.4415283,254.0430908,0
1530367711,-120.1460876,-31.71856689,0
1530367893,-382.124054,-242.9757538,-1.785865784
1530367941,398.1244202,249.1432495,0.80430603
1530368242,-384.6680298,-239.5378265,-0.822227478
1530369927,124.9519196,25.9515686,0
1530371195,1322.799561,576.1744385,841.6975098
1530372321,-129.3476563,-24.43566895,-5.24432373
1530373531,-952.1495972,-194.1435547,-938.1519165
1530373655,-379.7322388,-238.0124512,-1.797149658
1530374551,128.1452637,22.24206543,-0.135894775
1530374792,397.649353,243.944519,0.828422546
1530375092,-382.6761475,-245.5364838,-0.830917358
1530376960,-118.0327911,-28.0569725,-0.962745667
1530378391,389.0099182,246.0848999,1.641677856
1530378692,-367.9713135,-241.8553467,0
1530378740,391.0708313,245.712616,-0.134811401
1530379039,-380.9127197,-238.0221558,0.135803223
1530379191,126.8099365,25.36199951,0.822227478
1530379685,1356.056885,570.1573486,878.0341187
1530381617,-125.9476318,-29.59790039,0
1530383826,131.3780518,27.34460449,0
1530385964,-1115.870361,-205.6973267,-1099.19165
1530386088,-382.3560181,-241.8074188,0.13747406
1530386217,-119.8868484,-26.3997345,-0.967483521
1530387289,1471.372803,557.1296387,1001.479858
1530388440,126.3883057,34.12060547,0.044555664
1530390804,-119.9918213,-30.48974609,0
1530393026,131.3596191,25.48773193,-0.041992188
1530395407,-127.9395752,-25.82299805,-2.940917969
1530397665,135.0979004,28.80761719,4.810058594
1530399998,-124.5428467,-33.60681152,-0.966674805
1530401341,362.6057129,305.8730469,-1.829223633
1530401354,-323.9353027,-281.1973877,-0.973876953
1530401616,-0.981933594,2.945739746,163.8774414
1530401632,318.7357178,410.7919312,2.931274414
1530401644,-317.5355225,-414.7224731,1.214111328
1530401778,4.782470703,-1.961791992,-162.4609375
1530401932,-95.40332031,-7.868286133,-1.960571289
1530402205,125.6853027,30.43939209,-2.936035156
1530404524,-119.7937012,-32.40319824,1.148193359
1530404839,70.06274414,42.43237305,-5.263061523
1530404843,-77.09790039,-40.52581787,-0.973876953
1530405360,174.4926758,99.99017334,-1.938842773
1530405447,-181.1297607,-109.7531738,32.98962402
1530405639,103.7590332,70.58337402,-51.26940918
1530406092,-72.26037598,-44.0927124,2.99987793
1530406517,-114.4987793,-39.39648438,-1.934936523
1530406613,-290.9412842,-117.0440674,-4.877319336
1530406795,129.8521729,34.23242188,1.934936523
1530407131,100.8973389,35.32989502,-5.700927734
1530407372,114.0203857,75.75891113,-10.41235352
1530407522,-127.7385254,-87.59820557,-1.053588867
1530407939,-105.5875244,-36.51153564,-2.916748047
1530407978,70.06274414,123.3498535,0.136474609
1530408021,-110.5214844,-44.40594482,-0.120239258
1530408042,111.6791992,48.64892578,-1.109985352
1530408055,-276.1618652,-107.9863892,0.970581055
1530409219,-117.6356201,-27.44830322,-0.970703125
1530411460,131.2442627,28.61712646,1.15637207
1530412777,0.993408203,2.980102539,168.6733398
1530413488,-2.287353516,-1.939025879,180.2330322
1530413512,0,-1.954162598,-178.7329102
1530413517,0,2.931213379,180.6951904
1530413523,2.610839844,1.016052246,-125.4777832
1530413528,-2.931274414,-2.931213379,127.8496094
1530413534,-1.299072266,2.96697998,-126.458252
1530413539,1.278076172,-0.034179688,126.8765869
1530413698,2764.851563,523.0664063,2255.11792
1530413806,-112.6240234,-30.89685059,-6.263427734
1530413838,-2428.636963,16.65612793,-2399.536621
1530413871,2492.441406,-6.738647461,2479.626709
1530413919,-2424.714844,8.76171875,-2396.491943
1530413958,2478.239014,-7.411865234,2464.713623
1530414001,-2412.057129,-3.886962891,-2397.838135
1530414045,2469.541748,-5.649902344,2450.047852
1530414085,-2422.043457,11.9708252,-2396.901367
1530414129,2458.634766,-7.65637207,2428.86499
1530414168,-2413.952148,0.914306641,-2406.002441
1530414213,2479.29834,-12.75537109,2456.375488
1530414251,-2427.777344,14.76403809,-2398.731445
1530414297,2455.647705,-2.702636719,2447.4021
1530414334,-2435.797363,1.997924805,-2398.209473
1530414380,2487.582764,-0.730957031,2471.215088
1530414419,-2423.842529,7.735473633,-2393.075195
1530414467,2462.740234,-7.689453125,2436.181641
1530414504,-2416.930176,1.778564453,-2399.644043
1530414552,2464.856445,-7.729125977,2439.445801
1530414590,-2416.239014,2.176635742,-2398.44873
1530414637,2466.076904,-3.782470703,2452.327637
1530414675,-2429.965088,12.76086426,-2398.274658
1530414725,2476.915527,-7.729125977,2434.900635
1530414733,-2.881347656,-0.199584961,-168.0559082
1530414746,-0.9296875,0.793212891,101.8979492
1530414750,-5.979980469,-0.996704102,-125.0649414
1530414754,2.985351563,0,172.0405273
1530414761,-2428.046631,7.944946289,-2394.09668
1530414809,2483.655273,-7.722412109,2466.095215
1530414844,-2425.720947,3.847290039,-2402.276367
1530414872,0.03125,1.133789063,156.2764893
1530414893,2471.088379,-10.4954834,2494.603027
1530414929,-2412.57373,-5.914306641,-2404.415527
1530414977,2496.641113,-5.686889648,2483.529053
1530415013,-2405.82959,2.756958008,-2404.796875
1530415064,2466.881104,-11.61401367,2445.580811
1530415097,-2408.607178,5.555053711,-2392.520508
1530415145,2488.798828,-3.726318359,2481.783691
1530415181,-2415.728027,5.760131836,-2399.311768
1530415229,2490.090332,-5.672729492,2477.106445
1530415266,-2411.607422,5.827514648,-2396.96582
1530415315,2484.806152,-10.55432129,2452.447998
1530415350,-2413.672852,5.829711914,-2396.010986
1530415399,2474.12207,-1.991699219,2454.589111
1530415436,-2416.541504,-2.093139648,-2393.336914
1530415486,2472.821289,-6.707885742,2453.95459
1530415522,-2421.274414,7.83605957,-2382.730225
1530415569,2499.817871,-8.615112305,2479.324707
1530415606,-2421.431641,3.853393555,-2394.915039
1530415658,2463.246826,-9.616821289,2431.925049
1530415690,-2415.637207,-1.25769043,-2394.807617
1530415741,2467.261719,-3.054199219,2443.54541
1530415774,-2422.663086,5.69934082,-2400.501465
1530415822,2509.378174,-4.872680664,2500.535889
1530415843,3.986816406,-2.989990234,-197.623291
1530415858,-2421.689453,2.745849609,-2396.980957
1530415910,2460.506348,-12.72583008,2436.794434
1530415943,-2434.62793,8.924316406,-2393.927734
1530415992,2479.487061,-6.944213867,2441.832031
1530416026,-2291.172852,36.53552246,-2395.00293
1530416076,2489.476074,-9.465087891,2469.346191
1530416112,-2414.007324,-1.320068359,-2392.04834
1530416162,2541.312012,-19.5177002,2460.470703
1530416166,-12.54492188,3.823608398,-160.7685547
1530416197,-2413.001953,4.58581543,-2391.753418
1530416248,2475.74707,-14.49645996,2449.191895
1530416281,-2426.624023,10.77661133,-2395.290527
1530416333,2461.870361,-8.623413086,2400.389648
1530416364,-2418.236328,-3.231323242,-2396.279053
1530416416,2457.677979,-6.60546875,2441.977539
1530416447,-2422.99292,4.682373047,-2403.321533
1530416496,2491.50293,-16.36804199,2466.351318
1530416531,-2419.163086,1.615722656,-2394.169434
1530416582,2488.428955,-14.41149902,2441.154297
1530416614,-2417.998535,1.596069336,-2393.052979
1530416668,2479.205078,-6.3828125,2473.728271
1530416702,-2422.858398,0.576782227,-2395.202148
1530416752,2476.614258,-4.612304688,2454.830566
1530416785,-2417.52832,5.364868164,-2393.509766
1530416835,2505.778564,-15.24926758,2452.805176
1530416868,-2432.850098,16.44592285,-2389.77002
1530416919,2492.444336,-16.09155273,2459.447754
1530416951,-2423.615723,4.42956543,-2395.282227
1530417005,2455.074707,-6.333496094,2432.887207
1530417034,-2426.211914,13.19128418,-2391.460205
1530417087,2483.091309,-14.25622559,2447.86377
1530417120,-2426.001221,10.52355957,-2394.89209
1530417171,2505.159668,-13.48071289,2495.924072
1530417204,-2425.505859,11.35180664,-2389.824951
1530417258,2492.959473,-13.32995605,2458.862793
1530417291,-2424.653564,14.30529785,-2390.890625
1530417343,2494.100586,-9.11315918,2475.95752
1530417375,-2423.696289,2.474609375,-2392.808105
1530417430,2486.625977,-8.247436523,2460.635742
1530417462,-2423.268066,12.18151855,-2389.978516
1530417517,2501.91748,-13.32177734,2471.954346
1530417549,-2427.470703,7.314819336,-2395.032227
1530417607,2456.225342,-7.328613281,2435.158203
1530417636,-2412.744629,-1.482421875,-2387.468262
1530418257,-272.185791,-510.8024902,1.493041992
1530418356,-121.6074219,-29.33337402,0.959594727
1530420583,126.8099365,35.11663818,0
1530422854,-121.3192139,-29.18890381,-0.263305664
1530425132,128.1759033,31.22717285,-0.305786133
1530425291,-879.6332397,-189.0679932,-863.524353
1530426837,855.8295898,339.2163086,781.2105103
1530427458,-120.1483154,-30.21716309,-0.956481934
1530429175,-862.4992676,-204.8136597,-849.0874634
1530429698,133.0010376,24.82827759,-0.961166382
1530430676,845.7695313,330.8462524,769.0492554
1530431981,-121.4934082,-30.07568359,1.919250488
1530432640,-860.5213013,-198.6932983,-845.1854248
1530434249,132.6644897,27.47720337,-0.95803833
1530434396,841.3601074,340.1884155,766.8336182
1530436539,-121.90271,-32.89440918,-2.225158691
1530436660,-853.2400513,-200.0160217,-834.5958862
1530438822,144.2205811,26.51605225,0
1530438881,849.6473389,338.6729126,772.0184937
1530440424,-865.796936,-202.0411682,-852.5883179
1530441093,-122.4287109,-28.69424438,0.200462341
1530442104,834.1142578,341.4146118,752.3378296
1530443340,124.9520264,26.91271973,-3.471069336
1530443799,-851.8352051,-196.611908,-833.0401001
1530445590,-121.2745056,-29.60244751,0.19997406
1530445824,823.3341064,346.7668457,745.619751
1530447367,-855.2663574,-204.1696472,-840.0163574
1530447914,134.8172913,19.80181885,0
1530449243,836.7127686,333.8540039,750.7028809
1530450130,-118.2183838,-28.88885498,0.643493652
1530450833,-885.5460205,-190.082489,-865.5112915
1530452388,126.6672363,34.54559326,-1.154808044
1530453894,114.5662231,-8.664672852,-0.20249176
1530454031,116.1116333,0.959625244,0.951812744
1530454035,-116.1116333,0.959594727,-0.951812744
1530454079,112.3150635,7.282104492,0
1530454090,-117.1130981,0.394714355,-1.900543213
1530454175,0,0,107.8610992
1530454454,117.4893799,-1.344421387,0.944122314
1530454457,-115.5826416,-1.518798828,-0.459655762
1530454839,116.546936,0.568511963,0.950256348
1530454842,-116.3104248,0,0.462615967
1530454904,-1.003723145,1.34475708,165.0784302
1530454918,0.95489502,-1.909820557,-164.3964691
1530455602,113.0100708,5.795410156,0.422912598
1530455647,-117.5106812,2.333129883,-1.900543213
1530455815,115.1520386,0,1.891326904
1530455818,-116.1116333,0,-0.945648193
1530456466,-1.903625488,3.807281494,83.62362671
1530457095,-1.012695313,1.365692139,-90.13134766
1530457097,-0.961181641,1.922332764,86.81059265
1530458310,220.7530518,417.0188293,-0.962646484
1530458313,-174.7595215,-406.4773254,1.432556152
1530459585,0,-1.925476074,163.9257507
1530460438,-4.837402344,0.967468262,-159.8552246
1530460598,107.5667725,-1.938140869,0.948730469
1530460601,-116.2883911,-1.938140869,-0.948730469
1530460615,121.90271,0.967498779,-0.461486816
1530460618,-118.4274902,2.373931885,-1.894378662
1530461015,117.4544678,0,0.950286865
1530461021,-118.4171753,2.888244629,-0.488098145
1530461784,115.7334595,0.956481934,1.885192871
1530461882,-0.95489502,1.909851074,392.2554016
1530461894,3.786682129,-1.475280762,-353.1706238
1530461923,-3.844909668,-0.521911621,299.2705994
1530461926,2.89465332,-0.436096191,-280.4369507
1530462030,163.5375366,0.087677002,0
1530462161,118.5421143,-2.334777832,0.944122314
1530462163,-109.9649658,-2.427398682,0.445922852
1530462183,115.3569946,0,-2.336761475
1530462186,-116.8311157,-2.433288574,0.945678711
1530462283,-173.5552368,4.23840332,-0.44543457
1530462636,-1.946838379,0.419281006,286.0328979
1530462657,0.989440918,-1.372375488,-271.4061584
1530462720,-0.032287598,1.375732422,277.0146484
1530462741,3.819641113,-0.95489502,-272.3487549
1530462909,940.6523438,331.1030884,854.133667
1530463985,-971.7449341,-202.338623,-955.4230957
1530464118,2.181152344,-0.819122314,-82.4551239
1530464120,-1.033752441,-3.423309326,75.31573486
1530464123,0.967468262,0,-113.7013245
1530464130,0,2.902435303,128.9350281
1530465818,923.5055542,333.3071899,841.9304199
1530465971,362.7008057,308.34552,-0.081787109
1530465983,-318.9470215,-288.7393188,1.038452148
1530466070,3.84387207,1.000976563,-98.83874512
1530466072,-1.88659668,1.944763184,89.24279785
1530466912,-2.133422852,5.908935547,-79.20361328
1530466914,-0.98034668,5.881774902,85.96484375
1530467010,375.0773926,421.5740356,0.843994141
1530467023,-313.5220947,-424.5213623,0
1530467375,-1021.586426,-196.4248962,-1008.35437
1530469120,118.4202881,0,0.961151123
1530469222,982.6203613,324.5849609,898.1075439
1530469228,124.2924805,-5.872070313,10.55554199
1530469236,-97.86804199,0.97869873,0.959594727
1530469398,145.6011963,-35.96325684,-4.074462891
1530469588,-158.7387695,-0.973876953,2.21472168
1530470497,115.5872803,5.917724609,-0.967529297
1530470533,-108.9925537,0,0
1530470626,139.270874,116.0465698,2.450195313
1530470719,-1057.246582,-193.2950439,-1046.518799
1530470820,-124.4976196,-140.1823425,-0.521606445
1530470843,118.6158447,-2.940887451,0.972259521
1530470878,-117.5105591,-0.612426758,0
1530470922,137.4682007,117.829895,1.494995117
1530471116,-125.9827881,-140.2747192,-1.947723389
1530471223,977.4776001,111.4084167,0.152282715
1530471291,103.3101807,8.940307617,2.454620361
1530471296,-115.0723877,-2.700469971,-0.969085693
1530471400,1.626953125,4.680480957,-99.65063477
1530471402,-3.608886719,-4.67388916,88.5695343
1530471528,116.8287354,-3.960296631,-1.474731445
1530471548,-117.6500244,3.25012207,-1.471954346
1530471952,1023.627441,302.9863892,962.4840088
1530472135,114.46875,3.94720459,0.970703125
1530472143,-119.402832,1.973571777,0.284912109
1530472421,-802.0092773,13.01068115,3.602294922
1530472431,184.6002197,38.29467773,2.575927734
1530472437,1561.55957,288.9214478,-1.058227539
1530472448,-177.9902344,-12.71789551,-3.882568359
1530472525,-1530.139771,-217.1437988,-0.844238281
1530472687,119.7596436,-1.707336426,0.970703125
1530472693,-111.5083008,0.986816406,5.159667969
1530472915,-129.6812744,-134.7866821,0.972290039
1530473019,106.645874,134.9896851,-10.27770996
1530473211,-126.0418701,-132.8813477,1.319702148
1530473315,107.4775391,126.0418701,-4.201782227
1530473404,-1137.330566,-202.1124878,-1120.37207
1530473807,-129.9708862,-141.1249084,0
1530474605,1057.564087,336.1574097,970.7624512
1530475248,119.4283447,3.975341797,1.295288086
1530475253,-113.2941895,-2.955505371,1.290527344
1530476591,363.3786621,303.0233765,4.491943359
1530476604,-329.9190674,-274.3145142,-1.571899414
1530477684,378.987915,410.5946655,2.129394531
1530477695,-320.6088867,-422.1901245,-3.490234375
1530478098,-1180.27002,-200.4002686,-1159.124512
1530478524,-0.986816406,0,-128.2644806
1530478616,-0.951477051,3.404846191,-70.14076233
1530479015,1131.764282,327.2307129,1042.206909
1530479645,213.2717285,397.0427246,0
1530479650,-203.2617188,-398.0310059,-0.977050781
1530480166,0.134765625,1.025085449,-71.69750977
1530480220,3.993286133,0.998352051,182.9383545
1530480376,0,-2.975158691,75.35839844
1530480560,-7.986694336,-0.998352051,-76.33093262
1530480693,533.1638184,-22.01837158,2.694824219
1530481476,339.8811035,349.8861694,55.14904785
1530481486,-204.0056152,-365.7686157,15.63305664
1530481674,-148.2578125,-0.994995117,1.960571289
1530481789,113.4321289,0.994995117,0
1530481801,-114.802002,3.003723145,-0.98034668
1530481878,-615.8243408,-5.938720703,4.984985352
1530482214,231.2640381,57.05633545,-54.69604492
1530482751,-9.993530273,-3.012756348,143.8660889
1530482759,0.993286133,0,-90.71142578
1530482762,0,-2.980102539,75.23425293
1530483303,-0.900512695,3.018737793,-105.4128418
1530483312,0,7,115.1401367
1530483587,-1.005004883,3.015075684,-96.70629883
1530483594,-8.040161133,-2.010070801,109.2700195
1530483708,253.1467285,543.6971436,3.036010742
1530483721,2507.504639,-5.341918945,2442.844727
1530483834,-2416.529053,-5.659179688,-2384.251953
1530483874,2468.204102,-11.68554688,2431.943115
1530483906,-2415.689209,-1.602905273,-2395.134766
1530483943,-255.1219482,-541.4194336,-4.147949219
1530483964,241.6081543,545.6314697,-3.330810547
1530483973,2523.668701,-10.6048584,2486.176758
1530483987,-9.782226563,6.192260742,-95.86010742
1530483993,3.336425781,-10.40124512,112.7192383
1530484002,-2425.752686,7.499633789,-2400.206787
1530484233,2483.180908,-18.88562012,2450.565918
1530484287,-2429.101563,2.776367188,-2400.998535
1530484536,2475.050293,-4.503662109,2465.465332
1530484589,-2429.343506,6.627929688,-2404.052246
1530484644,-2.994873047,-4.991699219,-80.56408691
1530484646,-4.620361328,0.105712891,88.22668457
1530484862,2463.163818,-9.467529297,2379.80957
1530484910,-2426.193359,2.505737305,-2393.18457
1530485034,-1.33203125,0.896240234,-193.0170898
1530485191,2507.351074,-7.701904297,2472.073242
1530485242,-2420.246338,-2.33996582,-2394.766602
1530485401,365.3977051,287.755249,-0.481567383
1530485413,-317.4577637,-272.7017822,2.440429688
1530485454,314.9326172,398.7814941,-0.471557617
1530485466,-314.6223145,-400.6988525,2.411254883
1530485470,-1.314453125,-2.104614258,-99.51782227
1530485475,-3.691162109,-1.904052734,90.86743164
1530485488,-1,-3,-92.66870117
1530485491,0,2,90.20947266
1530485526,2512.975098,-7.506225586,2493.615479
1530485580,-2410.426514,8.401733398,-2392.515869
1530485870,2511.913574,-6.479125977,2483.883057
1530485923,-2418.80542,6.451416016,-2396.249512
1530486056,0.531494141,-1.079711914,-105.7241211
1530486059,2.975097656,0.991699219,105.1765137
1530486117,160.4887695,3.888549805,-0.450317383
1530486268,-250.6881104,-521.7424927,-0.541137695
1530486349,-154.8012695,-3.935852051,-0.977050781
1530486370,2.984985352,0.995056152,-102.5921631
1530486373,2.985107422,-1.99005127,104.5463867
1530486841,0.996704102,0,-89.05993652
1530486845,2.989990234,3.986694336,94.93188477
1530487036,-0.990112305,5.940490723,-90.16760254
1530487039,3.960327148,-2.970214844,90.86743164
1530487142,-137.3924561,-38.5489502,4.315795898
1530487873,3.986694336,0,-87.24633789
1530487876,2.990112305,3.986694336,83.32507324
1530488178,-2.989990234,0,-93.53869629
1530488182,-0.996704102,2.99005127,91.3182373
1530488376,146.6469727,38.91558838,2.365356445
1530488566,249.4813232,538.5115967,-31.11181641
1530488577,2491.916992,-21.19238281,2471.569824
1530488623,3.520996094,1.922363281,-94.26391602
1530488626,-2,8,95.24560547
1530488678,-2411.46582,5.34375,-2385.121338
1530488715,2513.136963,-11.28320313,2485.03125
1530488750,-2417.498779,10.31884766,-2389.982666
1530488899,-0.479492188,-2.913085938,-91.16003418
1530488910,-0.492675781,-3.900024414,84.72558594
1530488946,2460.073486,-12.3458252,2438.657471
1530488995,-2419.394775,-0.508056641,-2390.871094
1530489021,0,1.993286133,-89.14074707
1530489025,1.989990234,0.994995117,99.49694824
1530489209,2486.337402,-7.661743164,2448.096191
1530489258,-2426.348633,15.57312012,-2395.052246
1530489285,-1.444091797,-0.899291992,-89.25012207
1530489288,-4.428710938,-2.897827148,84.72558594
1530489404,-0.998291016,1.996704102,-103.4089355
1530489407,-0.998291016,1.996704102,102.2550049
1530489478,2500.069824,-10.43945313,2469.862549
1530489525,-2421.366699,0.633178711,-2499.213867
1530489576,159.2570801,4.805053711,-5.019287109
1530489751,2501.044434,-7.712036133,2456.03125
1530489798,-2417.733398,8.641601563,-2388.540527
1530489805,-161.2001953,-0.811767578,-1.067382813
1530490030,2462.187256,-6.406738281,2428.671143
1530490074,-2415.414795,0.553588867,-2387.534668
1530490308,2501.11084,-13.43017578,2464.571289
1530490354,-2427.340332,15.58007813,-2385.420654
1530490589,2510.499512,-5.528686523,2473.466064
1530490636,-2424.187012,3.563598633,-2387.268311
1530490925,120.5721436,-4.404663086,4.005004883
1530490928,-117.394043,3.114013672,1.950805664
1530490971,117.2171631,-1.986694336,0.970703125
1530490973,-109.6834717,0.093139648,-0.969116211
1530491026,-255.8830566,-521.7161255,1.03515625
1530491400,1565.678467,313.5947266,1.815185547
1530491488,-1537.873779,-248.6969604,-1.79296875
1530492021,-0.989990234,0,104.831543
1530492203,-130.2574463,-34.53796387,0.244262695
1530493150,358.2631836,306.3621826,-2.383422852
1530493163,-322.8365479,-267.5907593,2.173583984
1530493181,-4.677612305,-0.953674316,431.0167236
1530493187,5.661010742,1.940490723,-386.744751
1530493198,0.259765625,-0.953674316,287.4622803
1530493213,3.947265625,0.986755371,-275.0009766
1530493221,-1.973632813,0,175.6569824
1530493225,-1.720214844,2.002563477,79.53515625
1530493239,314.3244629,407.8500977,76.84472656
1530493250,-314.0640869,-407.2003174,-48.22851563
1530493253,4.417358398,-1.056884766,-294.8994141
1530494304,140.4870605,36.4263916,2.921630859
1530494568,162.2176514,1.028198242,1.928588867
1530494800,-145.2999268,-0.98840332,-2.897705078
1530496315,-4.942138672,0,163.5999756
1530497641,119.5837402,-1.953491211,1.950927734
1530497658,-115.0393066,3.96685791,0
1530497700,118.4031982,-4.900085449,-0.967407227
1530497703,-103.6138916,-2.960388184,0
1530497994,166.8446045,-0.949584961,0
1530498233,-158.6638184,-1.008422852,0.967407227
1530498504,1.980102539,3.960266113,375.1634521
1530498520,6.733276367,-1.968261719,-357.9215088
1530498539,-9.323730469,0.004943848,235.3605957
1530498545,1.775024414,0.991271973,-231.9327393
1530499149,0.135864258,1.958496094,132.0098877
1530499282,2762.8396,540.8010254,2429.810547
1530499294,-2.995117188,0,-108.2260742
1530499296,5.700195313,-5.223876953,80.96313477
1530499309,4.983398438,0,-134.5893555
1530499392,-2412.445801,4.460449219,-2394.624268
1530499430,2477.130859,-14.32019043,2444.527344
1530499464,-2419.340576,5.383056641,-2359.141602
1530499507,2500.811279,-12.52612305,2457.164307
1530499526,-2423.447266,3.542480469,-2394.120117
1530499610,-134.9432373,-29.60778809,1.94140625
1530499644,-253.6907959,-537.5367432,26.68896484
1530499711,2740.45459,529.9891357,2432.503418
1530499764,-2406.171387,11.53112793,-2395.696045
1530499788,213.2424316,421.2011719,-0.584716797
1530499794,-191.473999,-405.3337402,2.529296875
1530499868,213.887207,405.6586914,-0.594360352
1530499880,-188.2075195,-400.6951904,0.591308594
1530499958,2504.579102,-8.671142578,2482.130859
1530500007,-2420.019043,2.728881836,-2398.018311
1530500224,2468.702148,-12.59692383,2437.818848
1530500268,-2418.048584,8.672607422,-2396.839111
1530500495,2491.701172,-19.54394531,2463.834961
1530500541,-2428.060791,10.95373535,-2392.875732
1530500778,2481.342285,-10.35754395,2412.939453
1530500821,-2425.13916,10.60656738,-2396.906494
1530501054,2490.547119,-12.55102539,2436.269043
1530501098,-2415.999512,4.635131836,-2396.518066
1530501156,-294.1800537,-526.9632568,30.34448242
1530501193,248.3791504,531.921875,-32.34851074
1530501321,134.909668,37.29382324,29.6385498
1530501347,2476.475586,-6.407104492,2453.348145
1530501392,-2421.547852,12.22814941,-2395.76416
1530501636,2517.652832,-11.24951172,2513.595703
1530501683,-2423.587891,6.387939453,-2396.883545
1530501934,2491.895508,-11.03881836,2466.191406
1530501979,-2412.201172,1.207885742,-2393.316162
1530502134,-1.947753906,-0.973876953,-127.4187012
1530502355,1.803466797,-0.927978516,130.9328613
1530502390,-255.9952393,-526.8771362,-3.378417969
1530502668,173.3807373,5.905273438,7.739868164
1530502895,-147.5373535,-4.885375977,-1.931884766
1530502994,0.713134766,1.042785645,-166.1343994
1530503006,124.0220947,0.059265137,-130.2800293
1530503012,-116.2006836,2.871948242,0.964233398
1530503659,106.4901123,95.83636475,-21.69091797
1530503661,-120.3426514,-74.13110352,0
1530503909,157.4508057,85.39111328,3.962524414
1530503925,74.25720215,33.22033691,1.938110352
1530503949,173.4978027,33.32727051,-13.36218262
1530503953,-179.3553467,-27.49688721,0.965942383
1530504138,74.046875,20.74060059,11.97790527
1530504174,-71.44372559,-39.1472168,0
1530504363,-78.99743652,-36.32879639,-6.55090332
1530504564,72.26000977,38.31317139,-1.763183594
1530504753,73.42956543,39.90386963,-0.796142578
1530504910,-177.1411133,-114.5056152,47.02038574
1530504917,82.07373047,122.133606,3.83215332
1530505429,-90.45568848,-38.87719727,-1.754882813
1530505458,-146.3095703,-51.38977051,0
1530506833,-20.38391113,-6.794616699,165.5129395
1530506975,-150.6702881,-51.5826416,2.915649414
1530507096,-0.400024414,-0.993225098,132.9498291
1530507151,68.0579834,-28.19549561,-132.678833
1530507165,1.492919922,0.94708252,-164.7821045
1530507178,0.972167969,0.972290039,167.4056396
1530507232,6.326171875,-0.987792969,-164.2457275
1530507609,130.4912109,68.36785889,3.543457031
1530507835,-78.49475098,-57.17510986,-0.959594727
1530507863,182.0239258,124.2116699,-1.610168457
1530507928,-181.0802002,-106.704895,12.76507568
1530508419,144.1547852,35.79681396,0.335449219
1530508442,-85.96484375,-34.77233887,1.90057373
1530508462,109.2069092,42.83728027,0
1530508477,-260.4436035,-92.32958984,-1.289672852
1530510388,-891.5189209,-199.4663696,-878.4769287
1530510887,161.2531128,2.460601807,0
1530511122,-158.8865356,0.417114258,-1.897453308
1530511357,-113.0100708,-30.90875244,-0.804969788
1530511724,864.6008301,340.44104,784.7641602
1530513449,128.7966309,28.83508301,0
1530513943,-878.6712646,-194.9487915,-853.7796631
1530515563,853.8962402,345.3597412,771.6035156
1530515822,147.0588379,8.650512695,-0.565246582
1530516058,-155.9053955,-0.956481934,0.55090332
1530516235,-108.7641602,-25.95733643,1.32611084
1530517662,-861.9161987,-207.9736023,-844.7440796
1530518320,134.6433716,21.00817871,0.944122314
1530519402,841.2437744,344.4794922,754.9191895
1530520603,153.9924316,-1.912963867,-0.942565918
1530520831,-158.5321045,-2.971740723,-0.371582031
1530521069,-122.3857422,-28.46179199,-0.942626953
1530521171,-863.3640137,-208.874054,-845.4014282
1530523033,849.0874023,352.6065063,768.4985962
1530523107,128.6063232,28.57397461,-1.879089355
1530524696,-858.7111206,-210.8288269,-841.4586792
1530526557,845.2674561,346.6915283,763.5686646
1530528190,-858.5957642,-210.1132813,-843.8564453
1530530201,542.2524414,-23.20083618,1.201889038
1530530366,830.3256836,349.0365601,756.8171997
1530530717,370.717041,304.864624,0.278686523
1530530730,-327.9074707,-277.2565308,-1.227539063
1530530750,320.213623,417.0621948,1.226013184
1530530762,-322.0861816,-426.0897827,-0.282714844
1530531042,-614.8372803,-1.062194824,0.294311523
1530531054,161.6815186,0.056274414,0
1530531262,-153.8435059,-5.801025391,0.62878418
1530531398,244.697998,72.92956543,1.278564453
1530531865,-858.4474487,-202.3037415,-842.5010376
1530535268,-129.4324646,-31.00662231,0
1530535374,377.118866,313.3158569,0.728271484
1530535386,-332.4814758,-292.2268066,-0.944122314
1530535413,332.9980469,424.9512024,-0.451148987
1530535425,-326.0344238,-436.6397705,-49.89003754
1530535487,116.3744812,2.406890869,0.768074036
1530535515,-117.2637939,0.953369141,0
1530535522,109.0081177,9.10345459,0
1530535527,-177.486084,0.457855225,0
1530535640,117.8205566,-1.331665039,-0.236991882
1530535643,-107.5924683,-2.38470459,-0.178436279
1530535705,1557.776489,468.8738403,4.1848526
1530535762,124.7536621,13.98962402,0.941070557
1530535793,-1524.096436,-402.8331299,-4.943115234
1530536022,176.0817261,-2.902435303,4.712982178
1530536024,-153.8295898,-2.90246582,-3.770385742
1530536086,108.6386719,2.463775635,1.882141113
1530536089,-119.296814,-2.455841064,1.882141113
1530536112,118.3261719,-3.350646973,-1.882141113
1530536115,-118.3277588,2.386352539,-0.941070557
1530536172,1504.049927,383.5885315,4.165885925
1530536216,144.3684082,0,0.941070557
1530536260,-1480.539551,-344.8637085,-3.086273193
1530536368,-15.12756348,-3.043304443,856.5744019
1530536446,-158.0758057,0.95803833,1.586730957
1530536497,2.091186523,-2.148254395,-845.4302368
1530536610,106.7767944,-6.673553467,0
1530536614,-116.3104248,-3.813446045,0.216369629
1530536770,117.6463623,0,0.730300903
1530536773,-117.6463623,-3.825897217,0.218429565
1530536869,117.8964844,2.471740723,0.667221069
1530536876,-105.3839111,4.79019165,-60.44007111
1530536916,112.0901489,-3.832122803,1.717475891
1530536919,-113.0482178,0.95803833,-0.77028656
1530537009,0,1.909851074,110.0522766
1530537013,3.878479004,-3.270019531,-91.2257843
1530537015,0,-1.909851074,90.529953
1530537523,116.0830078,2.309997559,0
1530537528,-109.4586182,-0.951812744,0
1530537611,171.2755737,358.8066406,-1.712844849
1530537626,-144.3399048,-364.8970642,0
1530537705,116.6898804,0,-0.38482666
1530537707,-107.1251221,-1.912963867,-1.502471924
1530537779,-1.919189453,0,180.6160583
1530537782,23.03039551,7.676818848,-212.6795959
1530537897,4.670654297,3.27154541,257.1056519
1530537922,1.028320313,0.546783447,-254.2594604
1530537975,-0.954956055,0,-74.70664978
1530537977,0,0,83.62419128
1530538482,1.985961914,-1.370330811,-98.50758362
1530538485,0,0,98.81604004
1530538491,376.482666,310.0420837,0.94720459
1530538503,-333.6275635,-288.4757996,-21.78533936
1530538510,0,-1.903625488,144.2064514
1530538514,2.203857422,1.080291748,-164.5173492
1530538839,390.0279541,421.6595154,-0.772460938
1530538851,-330.2885132,-431.4772949,-1.118835449
1530539394,0,1.922332764,-70.80921936
1530539472,160.7371216,1.495239258,-1.332946777
1530539651,855.0791016,349.0084229,767.6108398
1530539691,8.512084961,-0.876037598,-125.6130981
1530539704,-155.2016602,-0.958007813,1.479248047
1530540008,-861.9248047,-206.3411255,-852.6889038
1530540090,1580.830688,13.97488403,4.922592163
1530540199,-1550.674316,-31.13308716,-3.991958618
1530540349,-120.3195496,-30.55734253,-1.609802246
1530540821,382.9924316,306.4917603,-0.126731873
1530540833,-336.1954346,-285.6003113,0.127037048
1530540854,336.3115234,423.3276367,0.682136536
1530540866,-332.9143066,-432.1538086,-0.681251526
1530542144,136.4555054,17.88037109,0.810691833
1530544225,160.241333,3.770385742,-0.129486084
1530544439,-152.4973145,-0.947174072,0.130439758
1530545596,-121.6343689,-33.25939941,0
1530547559,131.645752,28.0098877,0.939552307
1530550238,-121.2745361,-29.60241699,0
1530551391,72.45968628,109.5363464,0
1530551707,-86.08270264,-132.9499512,0.129211426
1530551740,81.20080566,122.1700134,1.076400757
1530551912,70.54891968,105.8234253,0
1530551967,-76.89682007,-124.171051,0.945648193
1530552401,138.9100342,23.52645874,0.948730469
1530554630,-125.1818848,-34.1098938,0.129844666
1530556001,1017.177124,328.295105,925.5754395
1530556824,134.0687256,36.0491333,-2.7890625
1530557329,-1096.656494,-203.2677917,-1079.643188
1530558188,1045.262451,338.2026367,954.2230225
1530558903,-126.8099365,-26.33746338,-0.029052734
1530561029,132.1882324,33.13391113,0
1530562310,-1161.153198,-217.6163635,-1140.416382
1530563034,-125.2153931,-31.06115723,0
1530563347,1093.531006,336.5388184,1005.761597
1530565205,-1172.934937,-208.1847229,-1140.389038
1530565208,147.6256104,27.08837891,0
1530567234,-126.1860352,-28.14916992,0.131759644
1530567614,373.8487244,298.0183716,0
1530567626,-323.2783203,-283.82901,-0.699813843
1530567873,322.692749,409.3302307,1.801902771
1530567885,-316.4223633,-424.8557739,0.265800476
1530569347,136.7896118,20.51843262,0.969070435
1530569966,1125.804199,319.3671265,1044.920532
1530569992,375.5731201,292.1534424,5.737426758
1530570004,-319.2113037,-275.2695313,2.032592773
1530570028,314.0928955,403.3582764,-5.165405273
1530570039,-314.0714111,-408.3168945,-1.845214844
1530570338,-1182.395264,-204.3964844,-1157.286377
1530571370,-127.0575867,-33.04898071,-0.973861694
1530571780,1133.048218,316.3451538,1051.592529
1530572258,-1164.944092,-196.9770813,-1148.368408
1530572841,1144.30188,310.4111328,1051.592529
1530573526,139.1641846,32.8137207,0.978759766
1530573589,375.2851563,282.0933838,4.877197266
1530573602,-328.3707275,-265.0615234,-4.767456055
1530573662,312.7706299,397.7058105,-5.956054688
1530573673,-317.2915039,-402.3717651,0.039550781
1530573868,116.1394043,-0.976257324,-0.978637695
1530573883,-114.8085938,2.994995117,-0.978759766
1530574064,115,2,-1.109008789
1530574069,-120,-3,5.038330078
1530574257,367.645874,281.4989014,0.98034668
1530574269,-321.7823486,-269.4688721,0
1530574299,319.4893799,389.3554077,-8.942993164
1530574308,-317.9821777,-393.71698,-1.827270508
1530574576,117.6834717,2.006958008,2.931152344
1530574580,-114.6176758,-0.996643066,2.983642578
1530576271,-126.6674805,-33.68347168,0.076171875
1530578478,140.0653076,36.5569458,20.38391113
1530578494,-2.960449219,1.973571777,82.37097168
1530578502,-1.973632813,-0.986755371,167.0628662
1530580479,114.6947021,1.960571289,-1.258056641
1530580482,-117.635498,2.940856934,2.227294922
1530580568,-120.3776855,-30.33911133,-0.965820313
1530580586,-0.977050781,2.931213379,-231.3139648
1530580682,-0.608398438,-3.909484863,132.8582764
1530580742,0,0,-105.8897705
1530580757,-0.978759766,-2.936035156,-87.60949707
1530580762,0,-2.936035156,103.9760742
1530582039,114.135376,-1.957763672,-3.863647461
1530582043,-109.4317627,-1.954162598,-0.837036133
1530582732,133.418457,30.1895752,-0.093505859
1530582734,109.0627441,-2.867492676,0.973876953
1530582742,-109.0720215,0.973815918,-0.972167969
1530583649,2.737548828,1.022949219,-77.39855957
1530583656,-3.721069336,1.92767334,89.00830078
1530585099,-125.7478027,-30.10046387,0
1530587248,137.9388428,30.79541016,-0.989868164
1530589325,-125.0551758,-28.03436279,0
1530589345,582.7626953,529.0617676,-0.036865234
1530589348,-559.5172119,-524.3297119,0.075073242
1530590100,113.8134766,134.8439331,-0.952636719
1530590204,-1.662597656,1.715576172,164.7821045
1530590236,-2.926391602,1.950927734,-126.6672363
1530590293,-127.2220459,-144.062439,-1.171630859
1530590396,109.9293213,128.9830933,-1.922363281
1530590589,-125.7128906,-146.6881714,3.079833984
1530590623,-0.968994141,-2.907226563,-163.8239746
1530590697,966.7663574,116.6253052,-0.724121094
1530590856,-3.889160156,2.916809082,166.7753906
1530591032,-0.972167969,0,-165.885376
1530591243,2789.963623,520.4592285,2432.336914
1530591383,-2435.708008,13.54333496,-2379.921631
1530591417,2497.187988,-20.50512695,2435.294434
1530591461,-2428.704834,17.51428223,-2381.648926
1530591500,2632.556152,12.27282715,2446.549316
1530591541,-2430.571045,7.373535156,-2386.585938
1530591582,2488.967529,-28.12597656,2437.950684
1530591624,-2439.537354,19.37854004,-2385.640137
1530591666,2484.073242,-20.68920898,2444.548096
1530591707,-2443.602295,22.53210449,-2382.832031
1530591749,2520.569336,-16.58178711,2457.09668
1530591792,-2426.854492,18.56298828,-2381.862061
1530591835,2496.36792,-21.49536133,2443.339355
1530591874,-2420.730957,4.651611328,-2379.588379
1530591894,-813.8399658,21.03613281,1.679199219
1530591918,2499.891846,-16.15759277,2470.436035
1530591960,-2428.387207,15.07849121,-2391.424561
1530592006,2480.794678,-19.05664063,2437.782471
1530592043,-2426.479492,12.19458008,-2389.751465
1530592088,2503.972168,-21.15686035,2463.998047
1530592128,-2419.126953,9.34777832,-2393.392578
1530592173,2499.437012,-18.05505371,2463.795898
1530592212,-2421.145752,4.439819336,-2388.746582
1530592258,2500.231445,-16.03918457,2457.210205
1530592297,-2424.535156,7.29309082,-2392.467773
1530592346,2480.117188,-20.14355469,2439.601074
1530592383,-2431.453369,15.5456543,-2385.812988
1530592388,-133.2766113,-139.0072021,-0.190307617
1530592430,2491.679199,-13.72827148,2458.001953
1530592468,-2424.403809,6.252441406,-2389.791016
1530592491,118.0213623,125.6196289,-0.771850586
1530592516,2482.027344,-9.227661133,2445.335938
1530592553,-2425.531982,9.278076172,-2392.443848
1530592601,2479.958008,-15.38098145,2447.467529
1530592638,-2428.432129,17.12854004,-2391.456299
1530592687,2345.201416,-152.96521,2447.35376
1530592724,-2419.250244,12.71643066,-2391.456299
1530592772,2489.61377,-15.17956543,2451.116211
1530592787,113.909668,124.4487305,-3.851074219
1530592806,-2428.301758,16.13195801,-2385.512695
1530592858,2475.9375,-19.08190918,2449.91333
1530592894,-2417.009277,10.25610352,-2393.322266
1530592944,2473.224121,-20.84875488,2439.449707
1530592978,-2426.027832,16.95336914,-2392.244141
1530593026,2494.474121,-17.8338623,2467.298828
1530593063,-2425.572754,17.0078125,-2391.455078
1530593112,2474.884766,-12.93237305,2440.306152
1530593145,-2427.838379,9.011108398,-2386.515869
1530593195,2493.051514,-15.79443359,2460.943604
1530593231,-2422.027832,13.99145508,-2390.095215
1530593280,2352.174805,-151.1447754,2451.471436
1530593315,-2418.983398,8.633789063,-2393.015137
1530593364,2493.39502,-17.484375,2463.10498
1530593399,-2420.831055,8.216186523,-2391.111328
1530593451,2478.824707,-14.07324219,2445.023193
1530593484,-2418.834473,4.243041992,-2392.435059
1530593497,-122.5985107,-32.02929688,1.686889648
1530593533,2516.859863,-11.35803223,2486.384766
1530593570,-2420.967529,8.549560547,-2391.257813
1530593622,2476.041016,-7.494750977,2442.218018
1530593654,-2420.959717,8.517089844,-2391.257813
1530593706,2503.572266,-13.37988281,2465.215576
1530593740,-2423.804199,15.3371582,-2387.484375
1530593793,2494.517822,-15.46960449,2449.60791
1530593826,-2418.093262,14.46862793,-2391.95874
1530593880,2490.834473,-12.44482422,2459.620361
1530593913,-2414.185059,12.28649902,-2389.583984
1530593969,2470.597168,-15.07897949,2444.864258
1530593999,-2416.793945,7.268798828,-2389.290527
1530594354,-274.6533203,-517.8999634,-1.214050293
1530595711,137.8974609,30.8581543,0.296936035
1530597649,-121.5040283,-31.82250977,0
1530599800,135.74646,27.91949463,-1.555297852
1530601169,-883.9732056,-207.1598511,-865.5490112
1530601627,-122.7840576,-30.45806885,0
1530602386,879.9481201,335.7455444,797.0872803
1530603743,128.9143066,27.86865234,-1.89440918
1530604348,-864.8425903,-210.9049377,-850.0157471
1530605564,729.96521,314.3781738,773.5286865
1530607258,-862.6903076,-205.4570618,-842.9850464
1530607736,135.3776855,20.97406006,0.790664673
1530608653,852.0838623,337.5270996,759.9577026
1530609524,-119.9499512,-32.62640381,-0.379150391
1530610407,-850.5783691,-205.6772461,-838.5682373
1530611678,132.9346924,24.45355225,-1.101799011
1530612118,836.8964844,348.310791,753.2910156
1530613490,-123.5507813,-28.91326904,0
1530613738,-866.7491455,-198.702301,-844.2574463
1530615448,840.3267822,346.5570068,760.7472534
1530615626,128.7966309,29.79626465,0.947143555
1530616931,-870.9927979,-212.8765564,-854.1442261
1530617222,0,0,127.6138992
1530617417,-120.6582031,-31.89678955,0
1530617721,0.951812744,0,-117.4340515
1530618627,845.1607666,348.4606323,755.5396729
1530619211,-849.5325928,-212.0867615,-833.2924805
1530619562,136.0410767,22.03485107,0
1530621333,-111.8813477,-27.3260498,0
1530621466,119.2945251,-0.915161133,0.204589844
1530621473,-107.1251526,-0.956481934,0.947181702
1530621542,117.8019409,-1.420013428,0.945648193
1530621544,-109.1796265,0.461975098,-0.945655823
1530621587,-3.608001709,2.379638672,126.9232407
1530623369,133.4573975,22.46484375,0.944122314
1530624745,0.953369141,0,-126.8477173
1530625356,-134.684967,-32.05883789,0.129211426
1530627455,134.9354248,22.38793945,0
1530628632,1590.988281,29.10284424,3.225234985
1530628673,-1553.713745,-33.81088257,-4.166305542
1530628697,1580.498779,27.73153687,3.364624023
1530628724,-1554.477417,-30.80105591,-3.634803772
1530628739,1572.822998,25.36221313,5.245254517
1530628763,-1556.240479,-34.50100708,-3.364624023
1530628886,1587.619141,24.43930054,4.253135681
1530628904,-1557.753418,-21.5557251,-5.022590637
1530629310,-123.5276184,-31.9045105,-0.938034058
1530629413,375.2432251,314.2769775,0.941070557
1530629425,-327.7550049,-297.0045471,0.941070557
1530629470,333.0380249,424.9793091,-0.128555298
1530629482,-333.9960938,-424.0244141,1.066589355
1530631404,133.2412109,22.42788696,0.942596436
1530633349,-124.7264404,-31.25308228,0
1530635448,131.5518188,26.42526245,0
1530636458,953.9023438,332.3695068,862.1554565
1530637407,-121.6602783,-28.85266113,0.950256348
1530638230,-1010.903015,-199.6216125,-982.0935669
1530638814,11.6151123,-1.436065674,677.666748
1530638823,-12.57315063,6.215332031,-346.0946045
1530638831,1.752166748,-1.430236816,-268.3172302
1530639542,127.6268005,23.03036499,0.804473877
1530639865,916.8983154,342.5603027,843.0368652
1530641004,-1069.691162,-208.7452393,-1051.740479
1530641507,-124.6360779,-31.44415283,-0.821647644
1530642460,977.4260254,340.4190674,894.5649414
1530643336,116.6480713,-0.926757813,0.958007813
1530643442,122.4228516,30.94946289,-5.738769531
1530643704,-1087.834473,-207.1755981,-1069.869629
1530645833,-124.8051758,-29.99194336,-0.954917908
1530647340,1044.158569,327.2272339,948.890564
1530648059,135.8927002,29.11987305,-0.088623047
1530650210,-126.0793457,-28.40386963,-1.931884766
1530651597,-1118.47876,-208.4424133,-1105.419312
1530652427,134.4589233,25.68963623,0
1530654575,-121.6860352,-32.49749756,-0.838851929
1530655559,-386.1096191,-229.9721069,0.109298706
1530656729,128.8444977,25.73040771,0
1530658803,1560.518188,551.2093506,1081.467285
1530658891,-117.8188477,-25.74194336,0.981811523
1530661115,132.5333252,30.8815918,-4.041625977
1530663298,-128.678833,-28.73803711,-1.950927734
1530665482,133.4387207,31.62988281,0
1530667126,368.289917,297.6082764,-1.809936523
1530667138,-324.7214355,-281.3487549,0
1530667292,321.1629639,399.3929443,-0.736206055
1530667304,-311.2851563,-417.1651001,2.687133789
1530667594,-182.6362305,-29.4574585,2.861572266
1530668623,367.5098877,300.4532471,-0.848632813
1530668635,-326.3834229,-277.9420166,-0.967529297
1530668681,324.6713867,406.8216553,0.965942383
1530668693,-319.0584717,-416.6177368,0.838378906
1530669790,129.1246338,29.26342773,0.137695313
1530670383,367.0440674,294.6212769,-2.529663086
1530670395,-323.9370117,-276.9451904,-0.186523438
1530670450,323.8225098,408.6381226,18.29211426
1530670461,-319.9848633,-417.4176636,-2.892944336
1530671864,-123.4768066,-31.11224365,0.961181641
1530674026,133.4255371,33.2175293,4.684936523
1530675708,-0.732299805,-1.025695801,165.9960938
1530675731,174.0704346,-1.883361816,2.059936523
1530675741,211.6882324,391.2316895,-1.239135742
1530675750,-188.3060303,-393.1729736,1.1015625
1530675874,110.7828369,1.813171387,-1.240966797
1530675883,-113.0021973,-3.966186523,-0.954833984
1530675929,120.1794434,4.885314941,0.959594727
1530675935,-114.3118896,-3.963378906,-3.838378906
1530676011,-155.0983887,2.926391602,9.596069336
1530677005,-126.4562988,-31.03045654,0
1530677160,0.475952148,-1.906066895,-165.8852539
1530679013,0,0,165.3466797
1530679051,-1.934936523,1.934936523,-166.2969971
1530679078,-0.967529297,0,165.0899658
1530679124,133.5124512,29.0244751,-1.018798828
1530679249,107.2147217,-0.965881348,-0.948730469
1530679252,-104.3170166,-3.863586426,-0.948730469
1530680856,0,0,-166.0325317
1530681162,266.9460449,556.5664063,1.184265137
1530681176,2496.549561,-20.29724121,2419.749268
1530681298,-2415.647461,12.6427002,-2382.262695
1530681332,2496.621582,-14.57214355,2452.52002
1530681372,-2417.378906,13.54797363,-2388.817383
1530681415,2471.378418,-14.55554199,2439.014648
1530681448,-2423.48584,8.783203125,-2386.241455
1530681494,2486.966553,-18.57714844,2445.434326
1530681528,-2422.631348,8.853637695,-2385.946777
1530681578,2470.871094,-13.79174805,2425.938232
1530681608,-2420.751465,10.84179688,-2383.981201
1530681657,2518.051758,-15.63293457,2478.108887
1530681690,-2422.574707,10.77404785,-2386.91626
1530681742,2497.283691,-17.47290039,2464.845947
1530681774,-2418.325684,12.60754395,-2388.960693
1530681814,-114.5662842,-29.8449707,0
1530681830,2474.743164,-9.896972656,2451.609863
1530681850,-2423.279297,8.932739258,-2393.816406
1530682240,2493.478027,-9.890991211,2475.884521
1530682301,-2410.262451,3.20324707,-2396.626221
1530682613,2490.719727,-11.84228516,2460.958496
1530682668,-2417.244629,10.85693359,-2389.736328
1530683157,-260.3439941,-513.1342163,-1.205444336
1530684108,130.5056152,28.7880249,2.175964355
1530686363,-121.8692627,-27.82843018,4.408325195
1530687794,-885.4465332,-211.7587585,-868.9317627
1530688714,136.3847046,23.27548218,0
1530688980,875.6481934,355.381897,799.0605469
1530690264,116.4787598,-0.859313965,0
1530690268,-110.7382813,-2.013244629,0
1530690633,115.7598877,0.093505859,-0.241333008
1530690636,-115.1519775,3.838378906,-1.900512695
1530691033,-871.1158447,-214.1485901,-854.7973633
1530691127,-122.3857117,-30.35925293,-0.941070557
1530692294,865.1520996,345.3354492,779.8919678
1530693414,126.6672363,30.70715332,0.937988281
1530694078,-875.2849731,-208.8304749,-860.4072266
1530695458,865.8988037,338.6100464,787.4925537
1530695539,-119.5753174,-31.82244873,0
1530697078,-883.039917,-199.348114,-862.7481689
1530697876,133.0394287,28.09570313,0.314926147
1530698653,858.7337646,341.9193115,783.34552
1530699969,-120.3620605,-29.11987305,-5.738830566
1530700152,-873.3300781,-197.3933411,-854.442749
1530701787,845.366333,340.2919922,769.9766846
1530702358,132.2230225,30.03466797,0
1530703377,-876.1273804,-191.6340637,-859.1547241
1530704477,-117.0496521,-29.32446289,1.107940674
1530705162,852.1228027,346.0404663,769.3778687
1530705612,-857.4584351,-199.3411255,-836.0049438
1530706794,135.2977295,21.64453125,-0.950271606
1530708803,-106.2902527,-32.71499634,0.950256348
1530710320,372.7358704,308.6185913,-0.1301651
1530710332,-326.7826538,-295.5619812,0.130477905
1530710365,331.0314636,422.1288757,0
1530710377,-324.1644897,-436.1010437,0.130477905
1530711114,135.2355042,20.72039795,0.829406738
1530712767,864.2855835,327.3492432,770.6904297
1530713065,-874.222168,-195.8509216,-859.0164795
1530713173,-122.0809326,-32.52215576,0
1530715479,136.8565063,23.82733154,0.828163147
1530717584,-120.3634949,-30.25738525,-1.747879028
1530717748,381.545929,303.7783813,0.843612671
1530717760,-332.8760376,-287.8643494,0.106658936
1530717780,328.4737549,415.2444763,-0.213058472
1530717792,-321.7675171,-424.8248291,-1.687477112
1530719856,142.6872559,23.29589844,0
1530721027,376.4251099,304.7671814,-0.216209412
1530721039,-328.699585,-291.3535461,-0.850067139
1530721058,330.6124878,415.0404663,1.812538147
1530721070,-323.2368774,-431.1467896,1.069404602
1530721101,-0.961120605,-2.883514404,105.8932724
1530721278,0,0,-75.13115692
1530721305,-1.052001953,-0.539367676,87.65302277
1530721976,-122.2822571,-30.62512207,-0.328689575
1530723303,1.934967041,0.967498779,70.74209595
1530723312,943.7952881,327.614502,866.2930908
1530724267,144.3115234,34.59521484,10.65979004
1530724403,-1014.041016,-191.5028687,-985.2216797
1530724824,2.950622559,-0.983551025,-82.56467438
1530726326,-120.559967,-32.08450317,0.954925537
1530728228,-0.983551025,0,98.68315125
1530728540,377.9311829,294.0960693,-0.645523071
1530728552,-328.1394043,-276.4411011,-122.3466492
1530728630,134.925354,23.98150635,0
1530728740,322.8111572,413.3730774,-0.174118042
1530728752,-321.2035522,-415.0860596,-0.784347534
1530728804,114.3170776,0.977050781,0.958030701
1530728808,-105.798645,-3.482421875,0.787475586
1530729505,119.4406128,2.502288818,0.964309692
1530729507,-111.3238525,-6.896148682,0
1530730374,72.30310059,60.57827759,0
1530730380,-76.35119629,-50.45422363,0
1530730557,1019.003784,310.4981689,923.4753418
1530730850,368.9163818,389.2796631,22.20227051
1530730861,-315.2614746,-413.2539063,0.979248047
1530730940,190.4794922,110.5496216,4.805053711
1530730976,-210.1865234,-95.81567383,77.91894531
1530731052,81.49890137,128.6309814,-0.184082031
1530731151,-182.0345459,-26.42437744,-8.632446289
1530731793,72.36914063,-16.49688721,20.21759033
1530731935,119.8234863,99.97375488,-16.10949707
1530731975,-141.4416504,-91.39343262,1.922363281
1530732242,227.8825684,102.2550049,-40.37963867
1530732254,-77.98095703,-31.9609375,-1.270996094
1530732487,-130.3793945,-5.881774902,17.68585205
1530732708,75.35839844,40.12591553,-0.959594727
1530732829,-152.0927734,-99.81048584,1.188842773
1530732838,78.69970703,126.241333,0.958129883
1530732892,-74.7833252,-120.3772583,3.825805664
1530732916,70.34899902,121.1565552,-0.771484375
1530733155,123.9802246,3.138183594,0.954956055
1530733158,-113.7541504,0,0
1530733206,-83.47692871,-133.9512939,3.482910156
1530733333,129.2824707,31.04003906,1.909790039
1530734032,118.2036133,86.6159668,-3.366455078
1530734197,-985.8583374,-250.4927673,-867.6704102
1530734268,82.3895874,120.7077637,0.950271606
1530734312,-85.30633545,-114.8917542,0
1530734328,111.4429932,93.99975586,-1.186782837
1530734748,-81.99926758,-16.15548706,0
1530734828,-87.82440186,-42.17260742,-0.233810425
1530734848,86.08612061,40.33404541,0.950271606
1530734861,-306.612793,-143.2141418,24.03340149
1530735158,-0.958068848,-1.916046143,88.6628418
1530735262,-0.965881348,1.931793213,-95.96043396
1530735298,0.957580566,-1.385040283,83.07780457
1530735493,119.7741089,-0.415985107,-0.440185547
1530735498,-119.7756348,0.419128418,0.95803833
1530735572,-1.939331055,-0.542572021,164.8006592
1530735607,117.6431274,-2.916778564,-1.682556152
1530735611,-118.6358032,0.440856934,0.95803833
1530735719,2.90838623,1.516418457,-165.4737244
1530735768,0.969055176,0.969085693,-80.63502502
1530735806,851.1401978,318.5703125,842.3519287
1530735836,1.446166992,4.809692383,73.98956299
1530735846,0,0,-74.159729
1530736052,-3.422729492,1.860107422,-77.85583496
1530736057,0.967407227,-1.934997559,99.94085693
1530736173,0.964355469,-2.892944336,-79.25811768
1530736177,1.928588867,2.893005371,100.2663574
1530736288,148.5050049,5.785888672,0.161987305
1530736524,-146.1392822,-3.936462402,-0.151855469
1530737035,-851.9989014,-200.6550598,-838.3834229
1530737955,-120.7372437,-30.90872192,0
1530738867,846.6397095,345.9763184,762.289856
1530739072,-0.953369141,1.906738281,71.08081055
1530740137,126.3387451,32.50952148,-0.182495117
1530740155,-842.4526978,-209.6179504,-831.5512695
1530741207,162.3207397,-0.405029297,0.939559937
1530741433,-157.4886475,-1.897460938,-1.882141113
1530742286,835.789917,348.4630127,753.7012329
1530743865,-3.819702148,0.95489502,-73.76104736
1530744175,-119.2697754,-31.47052002,0
1530744363,1.239990234,-8.502563477,166.0807495
1530744393,0.953369141,-2.860107422,-82.21447754
1530744437,-1.267944336,0.915710449,376.0068359
1530744467,2.216674805,-3.77734375,-297.4301758
1530744521,-11.45898438,6.684448242,-165.4625854
1530744624,-1.916015625,1.91607666,164.8833008
1530744656,0,-1.91607666,-153.5736694
1530744788,373.5100098,310.5436401,1.280029297
1530744800,-326.6164551,-291.3109131,1.547729492
1530744845,325.2102051,422.7250366,-0.599060059
1530744857,-324.8234863,-429.4152222,0.254577637
1530746121,367.1486816,318.6748047,1.305480957
1530746133,-327.0267334,-291.8059692,-0.947143555
1530746205,330.8620605,412.7218628,3.905273438
1530746217,-323.2039795,-431.9107666,-0.332275391
1530746271,-1.909912109,-0.95489502,131.5153809
1530746366,124.723999,27.78564453,-3.801147461
1530748430,117.7885742,-4.772705078,0.961181641
1530748439,-119.2922363,3.730407715,-0.959594727
1530748973,190.6228027,12.515625,0.959594727
1530749250,-146.6380615,-3.925048828,0
1530749968,1.950927734,0.975463867,-129.6185913
1530750978,-126.8509521,-30.93359375,-0.362915039
1530752007,-1.290649414,-2.922790527,167.567749
1530752047,1.321899414,-1.952148438,-143.9400024
1530752194,314.2125244,534.3861084,-30.46130371
1530752206,1632.606323,-189.9422607,1615.652954
1530752332,-2406.492188,-13.51422119,-2386.930908
1530752366,2496.828369,8.034423828,2455.859131
1530752407,-2415.588623,-7.96673584,-2388.845459
1530752446,2472.373535,13.09564209,2454.583984
1530752485,-2425.953613,-0.767333984,-2385.896973
1530752526,2490.366699,6.96673584,2460.956543
1530752564,-2417.916992,-5.266845703,-2386.196777
1530752606,2648.449219,34.13635254,2467.594238
1530752645,-2408.358643,-6.916870117,-2390.016602
1530752688,2489.969482,7.492431641,2400.28125
1530752726,-2404.65918,-4.517028809,-2396.402588
1530752771,2479.164551,10.78894043,2483.494629
1530752807,-2420.678223,-4.05456543,-2334.245117
1530752815,-1.499145508,-0.419677734,111.9075012
1530752819,-0.964294434,-2.892944336,-150.6378937
1530752854,2464.656006,4.599487305,2452.722656
1530752889,-2408.947754,-5.999084473,-2399.684326
1530752936,2473.825684,3.11907959,2459.764648
1530752970,-2410.122559,-9.445495605,-2406.774414
1530753017,2494.942383,1.14642334,2476.945068
1530753053,-2410.088867,-3.595336914,-2396.121338
1530753102,2467.523926,1.540222168,2448.05249
1530753135,-2407.228027,-0.704833984,-2390.956543
1530753184,2488.337891,2.100891113,2463.458984
1530753218,-2408.734619,-4.975280762,-2394.989502
1530753267,2493.89624,3.601196289,2471.765137
1530753301,-2406.986816,-7.866821289,-2388.209229
1530753309,864.8917236,345.2801514,781.1021729
1530753350,2499.210938,-7.03918457,2475.781738
1530753385,-2427.084473,13.89990234,-2397.012939
1530753436,2474.144043,-10.07873535,2441.25
1530753468,-2408.640137,1.237548828,-2398.044434
1530753517,2500.320801,-9.009277344,2476.66748
1530753551,-2417.433594,1.322631836,-2394.256104
1530753602,2486.838867,-7.095825195,2453.129395
1530753635,-2410.684814,2.248901367,-2392.285156
1530753687,2480.879395,-8.314575195,2437.587158
1530753719,-2425.537598,5.241333008,-2387.827637
1530753771,2468.818848,-8.268188477,2439.458008
1530753803,-2428.543701,11.17419434,-2391.802979
1530753854,2501.614014,-11.29724121,2457.915039
1530753887,-2416.912109,0.531738281,-2387.583008
1530753941,2470.010254,-9.340209961,2436.616699
1530753973,-2431.624268,14.23327637,-2392.419922
1530754023,2490.832275,-4.4140625,2451.403076
1530754056,-2424.727051,2.389770508,-2388.037598
1530754109,2466.388184,-5.54699707,2432.194336
1530754140,-2422.606445,3.338867188,-2390.888916
1530754190,2501.51123,-13.22424316,2463.001465
1530754224,-2413.736328,2.403076172,-2395.020508
1530754277,2462.305664,-7.053588867,2441.130615
1530754307,-2415.47998,2.334106445,-2397.28125
1530754359,2482.087891,-13.03967285,2452.020752
1530754392,-2425.194824,12.96179199,-2393.607178
1530754444,2482.673096,-10.9473877,2453.237061
1530754476,-2421.30249,6.210449219,-2393.261963
1530754531,2462.363037,-7.163452148,2437.571533
1530754561,-2424.100586,10.95385742,-2391.68457
1530754614,2465.262207,-10.07067871,2445.226563
1530754648,-2424.046387,10.98950195,-2394.137207
1530754697,2478.728027,-5.208496094,2459.480957
1530754729,-2412.407715,-0.687866211,-2395.510742
1530754781,2488.851563,-8.144165039,2461.634766
1530754815,-2423.37793,5.323608398,-2393.160156
1530754867,2483.224121,-7.284179688,2455.675293
1530754898,-2413.663574,7.32434082,-2388.40918
1530754951,2480.259766,-8.232299805,2450.885254
1530754982,-2419.473389,3.288574219,-2389.696045
1530755035,2478.092285,-3.237915039,2448.079102
1530755042,-130.1645508,-32.29650879,-8.636474609
1530755062,-866.9658203,-188.9594116,-847.1750488
1530755066,-2408.784424,-1.168273926,-2392.192383
1530755118,2479.072754,-7.017028809,2453.921387
1530755152,-2462.554688,-111.2423096,-2385.256836
1530755203,2477.421143,2.520507813,2450.262695
1530755235,-2404.746582,-9.517700195,-2389.947021
1530755287,2483.505371,5.68939209,2459.37207
1530755319,-2416.37207,2.064819336,-2392.074707
1530755374,2456.846191,2.724731445,2427.65332
1530755402,-2411.491943,-6.269226074,-2389.042236
1530755456,2464.66748,-4.126037598,2433.559082
1530755486,-2419.975098,-4.075317383,-2389.233887
1530755538,2477.382324,3.711425781,2451.851318
1530755570,-2416.930664,-2.123901367,-2392.255859
1530755624,2468.55835,4.706115723,2439.327637
1530755654,-2408.57373,-3.35723877,-2390.003418
1530755706,2480.654297,7.28125,2453.311768
1530755738,-2407.590332,-5.32421875,-2388.087158
1530755790,2488.954834,4.692932129,2464.633301
1530755822,-2409.73584,-1.761413574,-2388.099854
1530755875,2478.696777,1.434814453,2445.605225
1530755905,-2409.751709,2.140441895,-2388.092041
1530755957,2497.31958,-3.076416016,2463.619141
1530755988,-2414.467285,-3.721069336,-2383.088135
1530756041,2474.547607,5.06427002,2442.062744
1530756071,-2407.52002,-3.37298584,-2390.07373
1530756126,2461.42749,4.687805176,2434.254395
1530756154,-2410.434082,-4.342041016,-2391.064697
1530756209,2465.066162,2.397521973,2433.018066
1530756238,-2414.673584,-3.707824707,-2387.202881
1530756293,2467.401611,10.78393555,2441.481201
1530756321,-2417.344238,-1.792419434,-2387.018555
1530756377,2466.797607,2.770568848,2437.655273
1530756405,-2414.443359,-4.717163086,-2389.947266
1530756459,2478.461426,4.711914063,2459.745605
1530756489,-2414.099121,-1.452819824,-2387.026123
1530756543,2491.550781,7.266845703,2472.623047
1530756573,-2411.446289,-2.778503418,-2392.952637
1530756629,2476.52002,4.711914063,2457.2771
1530756658,-2413.332275,-2.776367188,-2393.840332
1530756684,840.4448242,344.9869995,762.0163574
1530756715,2463.895508,-2.406738281,2449.117432
1530756742,-2412.149902,4.456665039,-2392.520996
1530756798,2489.102783,-11.13366699,2472.09668
1530756827,-2404.366699,2.552001953,-2398.981934
1530756883,2639.224609,24.69250488,2464.602295
1530756912,-2422.116211,12.89501953,-2395.90332
1530756971,2468.772949,-11.87109375,2446.884277
1530756997,-2415.395264,2.306030273,-2392.152588
1530757056,2470.918457,-16.74841309,2443.538574
1530757077,-2420.216309,3.209716797,-2394.023438
1530757522,-285.8309326,-510.284668,-1.215148926
1530758526,0.962768555,2.888183594,165.5839844
1530758677,-844.9925537,-201.0023804,-832.0146484
1530758842,0.961181641,0,-128.6054535
1530759276,-99.00036621,-32.67971802,1.144561768
1530759508,114.0061951,8.622344971,0
1530759522,-176.3938904,0.480804443,-1.897460938
1530760028,836.072876,336.1419067,751.473877
1530760126,0,2.893005371,166.4265747
1530760696,151.6540527,36.66339111,-165.5953369
1530760897,-0.962768555,0,102.9216309
1530761210,-0.964355469,1.928588867,-85.26519775
1530761216,1.928588867,0,79.28613281
1530761219,0.964355469,2.892944336,-86.94885254
1530761223,1.931762695,0.965881348,79.64678955
1530761294,0.555664063,3.933288574,-85.50164795
1530761609,1.477050781,1.045837402,-76.6428833
1530761617,-1.473999023,1.828308105,84.30712891
1530761736,-0.533081055,1.829833984,702.0504761
1530761742,0,-4.782348633,-276.7272949
1530761748,1.489501953,-1.825134277,-366.9790039
1530761760,-6.265625,-1.999206543,245.4549561
1530761765,-5.301391602,-2.002319336,78.8157959
1530761769,1.916137695,-1.91607666,-330.2159424
1530761779,-2.427246094,1.829833984,212.7785034
1530761787,5.823242188,-5.576293945,-237.0212402
1530761892,-3.398803711,3.764282227,231.6417236
1530761907,5.319580078,-0.880737305,-251.0687256
1530762011,0.962646484,-1.925537109,231.7697754
1530762021,0.961181641,-2.883544922,-149.7438965
1530762036,-2.440429688,-1.039367676,192.2337646
1530762042,1.477661133,1.039367676,-204.5147705
1530762049,-6.28515625,-2.000549316,155.4937744
1530762059,2.888183594,-3.850952148,-142.9985352
1530762083,-1.474487305,0.887634277,132.6405029
1530762092,3.396850586,-0.887634277,-185.2961426
1530762201,-811.0456543,-196.8583984,-828.9102783
1530762464,0.965881348,0.965911865,-75.19334412
1530762471,0.046325684,-0.414642334,81.25906372
1530763032,-120.7677002,-31.45999146,0
1530763192,114.2131958,3.382324219,0
1530763201,-115.5514221,-1.462432861,-0.559402466
1530763257,1558.12915,475.9050293,6.01965332
1530763303,-1563.973877,-486.7965088,-2.22479248
1530763466,1549.274902,437.7575073,2.628265381
1530763472,117.5432129,-7.526672363,0
1530763477,-120.4616699,10.45458984,-0.950256348
1530763494,-1522.240723,-412.5181274,-2.231002808
1530763793,116.1355591,-2.381561279,-0.392044067
1530763798,-118.0578613,-1.458404541,0
1530764167,-1.928649902,-0.964324951,352.5744019
1530764174,0,0,-70.64331055
1530764185,1.760375977,-1.427337646,-152.5382385
1530764223,-0.16986084,1.465606689,-152.3317871
1530764253,3.687408447,1.462432861,-344.1458435
1530764635,-0.793731689,-0.501953125,298.8222656
1530764644,0.793731689,0.498809814,-272.2579346
1530764664,834.7668457,333.6972656,960.30896
1530764677,19.55895996,-31.79602051,-157.208252
1530765146,0.961181641,0,-98.66949463
1530765149,-0.961181641,1.922363281,100.5700073
1530765316,130.1816406,31.99481201,0.951904297
1530766130,-823.8168945,-203.2562561,-812.2994385
1530766536,-0.987060547,1.345794678,297.8334656
1530766541,1.942016602,-0.395507813,-255.1253357
1530766923,-2.898620605,0.397460938,315.776123
1530766926,4.782409668,-0.956481934,-277.9407959
1530767202,-0.999694824,1.350799561,153.8920288
1530767204,-1.909851074,2.864746094,84.02694702
1530767211,0.999694824,-1.350799561,-238.7425842
1530767259,0,1.906707764,-89.00106812
1530767261,-0.953369141,0,87.80343628
1530767301,-2.895996094,3.241485596,366.3660278
1530767309,-5.668762207,0.559570313,-140.9526672
1530767314,0,1.903656006,-204.6990356
1530767342,-2.890686035,1.345794678,303.9002991
1530767346,0.030578613,-2.299163818,-281.2969971
1530767483,-1.930969238,-2.455688477,207.7687073
1530767494,0.979187012,0.558227539,-212.0840759
1530767544,-0.029724121,0.392242432,309.0200195
1530767549,0.978515625,-1.342498779,-96.14477539
1530767554,1.943054199,0.56036377,-208.2423096
1530767590,0,0,194.2575989
1530767595,2.869445801,-0.956481934,-158.5348206
1530767891,-0.029724121,2.295898438,170.9985962
1530767897,-1.903625488,3.807281494,90.14199829
1530767900,1.903625488,-1.903656006,-260.1828003
1530768120,-127.0316162,-31.11325073,-0.941085815
1530768272,1.909820557,-2.864746094,-83.09553528
1530768546,800.0294189,341.4181519,723.7839966
1530768627,2.892944336,-1.928649902,260.0645752
1530768632,0,2.888244629,-234.2242432
1530768989,1.909790039,2.864746094,199.1313477
1530768998,4.766845703,-1.906738281,-215.1986084
1530769008,0,-2.864746094,-80.30560303
1530769015,1.909790039,-1.909851074,71.7701416
1530769155,1.906738281,0.953369141,224.6413574
1530769175,2.874023438,-0.958068848,-216.4970703
1530769203,0,1.91607666,168.873291
1530769213,6.051025391,-2.83380127,-155.5911865
1530769253,-1.250610352,0.921569824,165.0784302
1530769269,-0.959594727,0,-166.713623
1530769468,-1.916137695,-0.958007813,215.5406494
1530769477,2.22668457,-2.824462891,-226.9838867
1530769506,-1.919189453,-2.87878418,190.1704102
1530769515,-2.533325195,2.79107666,-149.2862549
1530769589,-0.959594727,1.919189453,177.7952881
1530769595,-2.217285156,0.914611816,132.395752
1530769598,2.220336914,-1.872680664,-266.2331543
1530769650,-2.216552734,0.912353516,185.4082031
1530769659,0,-1.912963867,-155.6967773
1530769733,0,0,141.0979004
1530769754,1.912963867,-1.912963867,-228.6610107
1530769823,1.612548828,-1.003723145,184.9526367
1530769832,2.869506836,0,-158.366333
1530769860,0.956542969,4.782409668,153.5513916
1530769870,-3.172363281,2.816833496,-120.0185547
1530770375,-810.8688965,-211.0249329,-801.7210083
1530770625,137.0362549,21.62133789,0
1530772340,805.0527344,340.1157227,721.5429688
1530773058,-122.9134521,-28.79138184,5.393005371
1530773486,2.210693359,2.92578125,-83.48797607
1530773488,-0.282104492,-0.99395752,78.74432373
1530773824,-811.4212646,-201.5882568,-796.6905518
1530774678,1.903625488,-1.903625488,-76.7137146
1530774683,0.951812744,0,76.72135925
1530775008,-1.718200684,1.393218994,681.3786621
1530775013,3.801086426,-2.850799561,-322.1237793
1530775018,-0.950286865,-1.900543213,-313.4338989
1530775644,133.987854,20.90591431,0.942596436
1530776010,3.794921875,-0.948730469,-112.1684799
1530776376,807.4199219,347.3543701,729.8796387
1530777799,-805.960022,-209.7884521,-788.9678345
1530777931,-122.2200012,-31.81097412,-0.938041687
1530780245,803.678894,354.3279419,723.1401367
1530780482,127.6204834,30.47454834,-0.436889648
1530781578,-804.4118652,-210.124115,-787.8433228
1530782700,-118.9767761,-29.50622559,0
1530784174,800.885376,352.7366943,719.7359009
1530785174,134.1984863,31.61773682,0.443603516
1530785387,-810.5544434,-208.7747192,-797.0446167
1530787322,-122.2294006,-32.4671936,1.105628967
1530788044,806.6644287,344.5497437,728.0615234
1530789317,-820.9321289,-198.6711426,-809.4821777
1530789787,129.2449951,32.37713623,0.953369141
1530791954,-116.7137146,-34.0229187,0
1530794480,133.3844299,21.11120605,0
1530796668,-121.8899841,-28.37585449,0
1530799127,135.0830078,20.11871338,-0.197860718
1530799875,1535.135864,29.58166504,-25.98545837
1530799891,-1557.230347,-33.00445557,-2.882049561
1530799991,1601.907959,450.4812622,3.537872314
1530800011,1543.901367,4.517456055,863.8357544
1530800039,-1535.347412,-412.041626,-6.346923828
1530800087,121.4440918,-8.155212402,1.677612305
1530800092,-112.4995117,-3.515197754,-2.630004883
1530800140,2.340087891,0.225860596,-846.5288086
1530800150,116.079834,3.901824951,0.641067505
1530800153,-115.8891602,2.921569824,0
1530800201,-1556.113037,-31.25219727,-3.502731323
1530800248,1583.248291,28.1986084,3.843109131
1530800271,-1555.412964,-35.27844238,-4.18586731
1530800599,15.01818848,4.999084473,856.8358154
1530800714,4.949890137,0.171417236,-840.3624268
1530800837,118.409729,4.774597168,0.94871521
1530800843,-106.2757568,-1.51550293,-0.94871521
1530801129,117.90271,0.56036377,-0.950271606
1530801133,-118.8607788,4.232910156,-0.950271606
1530801146,116.1785278,-0.40411377,-0.617935181
1530801155,-106.3419189,0.95803833,0.332336426
1530801170,374.0309448,307.7314758,0.615646362
1530801182,-330.0177002,-290.4022217,-1.565917969
1530801208,331.4371338,414.6848145,0
1530801220,-321.8505859,-438.6560364,-2.496826172
1530801495,120.1733398,2.454345703,0
1530801509,-186.4337158,1.605834961,1244.727539
1530801532,6.845031738,-3.661407471,-1237.403076
1530801584,-8.779968262,3.113128662,1282.643555
1530801669,4.967712402,-2.152587891,-1223.517456
1530801727,-5.019226074,4.109222412,1252.930176
1530801864,3.948364258,-2.739013672,-1218.462036
1530803428,-112.8639832,-31.56365967,-0.947189331
1530803690,255.0406494,635.9063721,-0.283889771
1530803693,-240.4595642,-649.6774292,-0.663299561
1530805197,-2.779418945,2.8515625,1212.820435
1530805231,3.737487793,-1.902862549,-1185.141968
1530805316,-5.622436523,1.909057617,1233.049194
1530805581,4.610717773,-1.432952881,-1156.380981
1530805674,-6.448120117,0.945648193,1166.846069
1530805963,4.533538818,-0.001556396,-1149.187988
1530806034,129.1240845,30.60723877,0.679931641
1530806538,-5.08795166,-0.219818115,1208.015137
1530806646,900.3168945,335.1486206,816.2644043
1530806666,5.905883789,-2.768310547,-1178.782227
1530807514,371.9243164,323.647583,1.188537598
1530807527,-327.1169434,-288.8943481,1.443481445
1530807576,324.1975098,416.8269043,0.227050781
1530807588,-320.3339844,-425.5612183,1.67565918
1530807691,-912.8568726,-210.704895,-895.833252
1530808752,-119.9500122,-27.82839966,-0.950271606
1530809333,-0.1925354,0.500518799,126.4221344
1530810024,375.8947754,411.5573425,0.948730469
1530810027,-170.6571045,-394.2801208,-0.948730469
1530810032,191.7957153,394.8189087,0.948730469
1530810039,-187.8659058,-415.3225708,0.496520996
1530810137,869.0783691,344.6583252,789.4287109
1530810258,-1.922363281,0,165.885376
1530810268,-153.5360107,-3.838439941,-0.596923828
1530810700,372.1785889,320.2494507,-1.659057617
1530810713,-329.4035645,-289.8856812,0.354736328
1530810737,326.0991211,425.3538208,-0.359375
1530810749,-325.6971436,-431.1950073,1.314331055
1530810971,119.9676514,29.99194336,0
1530810991,-102.5963135,-2.025085449,0
1530811411,-958.2102661,-201.7044983,-945.00354
1530811995,0.962768555,0,91.52294922
1530811998,-0.96270752,1.925476074,-83.98724365
1530812007,0,-1.925476074,97.24310303
1530812391,110.3313599,4.425933838,0.961181641
1530812397,-117.8394775,0.965881348,1.963500977
1530812524,115.1303711,1.934936523,0.965881348
1530812528,-116.0978394,0,0
1530813109,117.3021851,-1.367034912,0.99987793
1530813115,-112.4146729,-0.41394043,-3.913391113
1530813228,921.6768799,330.168396,846.2022705
1530813278,119.0002441,0,2.25378418
1530813280,-110.2929688,-3.869873047,-1.922363281
1530813343,-0.973876953,1.947692871,-86.63415527
1530813361,0,-2.921569824,99.65063477
1530813380,0.977050781,0.977111816,101.9195557
1530813384,-1.174926758,2.985595703,-70.00256348
1530813443,-1.744750977,1.894226074,74.61828613
1530813464,-2.6953125,-1.03729248,92.57446289
1530813612,111.6260986,-2.911987305,0
1530813617,-117.4500732,3.882629395,3.549438477
1530813645,117.4505615,0.074645996,10.59008789
1530813647,-102.8936768,-2.015930176,-0.962646484
1530813653,119.7956543,-0.859863281,-0.288696289
1530813659,-116.2711182,0,1.647827148
1530813777,1560.292969,325.4225464,1.792114258
1530813796,-1550.591309,-312.5323486,0.149414063
1530813806,1551.463745,323.4667358,-1.104248047
1530813824,-1597.75708,-349.3253174,10.6965332
1530813889,154.7119141,4.960021973,-0.969116211
1530813908,117.3282471,-1.879760742,-1.647705078
1530813914,-119.086792,0.906921387,-0.964233398
1530814120,-155.9090576,-0.076599121,65.19018555
1530814145,-1008.060364,-200.183075,-992.3473511
1530814306,-0.985351563,-0.557617188,270.9732056
1530814318,1.95123291,2.492584229,-211.8031006
1530814351,0.965881348,4.829498291,280.6640625
1530814381,0.017822266,-1.374206543,-161.1265259
1530814472,-1.945617676,1.369232178,168.8048706
1530814482,-0.969055176,-1.938140869,-126.7401123
1530814520,-0.95513916,-0.410522461,173.463501
1530814549,1.947692871,0,-121.0195923
1530814562,0,1.947692871,147.057251
1530814585,0,0,-94.81323242
1530814613,0,1.944519043,125.5667114
1530814640,0.969055176,-0.969085693,-129.9700928
1530814944,0,0,-97.23687744
1530814958,-0.962341309,2.501678467,-103.9760742
1530814962,2.911987305,0.970672607,102.0505981
1530815430,376.7526855,291.8301392,-1.989440918
1530815442,-331.6911621,-275.5296631,1.022033691
1530815533,326.9716797,413.7380066,-0.043640137
1530815545,-318.8358765,-427.6473999,0
1530815595,0,0,-102.1077271
1530815598,-4.938110352,0.413482666,85.82427979
1530815606,0.97064209,0.970672607,-124.4582214
1530815608,107.6473389,1.531219482,-0.961181641
1530815613,-117.3411865,-0.555786133,-0.961151123
1530816478,378.0958252,288.8174744,0.204528809
1530816490,-334.8394165,-276.1788025,-0.204223633
1530816525,325.3967285,414.446106,-0.551269531
1530816536,-320.8096313,-434.0108337,-0.959594727
1530816604,162.3968506,3.450775146,0.954925537
1530816836,-157.2471924,-0.97064209,-0.20223999
1530817505,1.941345215,-0.970672607,-162.9696655
1530817582,172.211731,-1.934967041,1.418792725
1530817589,-174.1467285,2.902435303,-0.457641602
1530817640,1541.89563,444.0264282,3.267303467
1530817655,118.0307617,0,0.44631958
1530817675,-107.4775391,6.839477539,-1.400024414
1530817697,-1522.665894,-436.729187,-4.225341797
1530817712,1552.685547,456.5364075,5.678192139
1530817751,-1563.647827,-424.9093018,-2.768371582
1530817968,946.24646,319.5339355,862.1550293
1530818933,0,0,166.9538574
1530819033,0,-2.916809082,-167.6920166
1530819104,119.7248535,0.053161621,1.934936523
1530819112,-106.1505127,0,0.967407227
1530821177,-116.6096191,0.93145752,0.968994141
1530821225,2.940917969,-2.940917969,-125.3450928
1530822180,-1091.749146,-204.2990112,-1078.680054
1530822856,113.1069946,1.967071533,0.761550903
1530822860,-119.2178345,-0.53225708,-0.967483521
1530823396,1022.468262,317.4320679,934.1867676
1530827888,366.6799316,299.0227661,1.964599609
1530827900,-316.444458,-280.6113892,0.013671875
1530827967,311.6424561,396.6942139,-0.046142578
1530827979,-310.6306152,-402.7042236,2.001831055
1530829732,366.8144531,290.6424561,-0.993896484
1530829744,-322.3908691,-277.7955322,0.970703125
1530829785,305.5609131,401.7247925,-8.779785156
1530829796,-321.8568115,-407.3677979,-3.889038086
1530829839,121.4091797,-2.965637207,0
1530829849,-115.0709229,-3.005981445,2.916748047
1530829981,1567.60791,323.6734619,-1.31262207
1530830025,303.9611816,210.1896362,-1.044555664
1530830039,-1870.365479,-478.0422363,3.125488281
1530830495,1561.111694,281.7036133,0.040893555
1530830522,-1514.250977,-243.2770996,-1.975585938
1530831049,119.4746094,0.050537109,0.890869141
1530831206,-118.4158936,0.986755371,-2.90234375
1530831232,118.4158936,-0.986816406,0.073730469
1530831235,-114.3491211,3.90435791,0
1530831295,121.253418,-5.877990723,0.965942383
1530831305,232.8657227,6.991088867,3.863647461
1530831403,-106.527832,-1.034729004,0
1530831439,108.9082031,0.99005127,-0.94128418
1530831586,-116.6352539,4.942199707,-1.010864258
1530831754,-386.5239258,-3.060546875,0.94921875
1530831777,419.361084,0.155761719,0
1530831780,-423.1748047,-2.07208252,0.934936523
1530831787,420.4885254,2.076782227,-13.48693848
1530831850,-390.4710693,-1.083679199,-1.938232422
1530831905,422.4555664,-3.857116699,1.028564453
1530831911,-289.178833,-1.093261719,-1.025268555
1530831919,416.6483154,-1.829711914,0
1530831932,-385.192749,-9.938842773,-0.053100586
1530831945,414.2183838,3.015625,1.973754883
1530831952,-389.5059814,-3.015625,-2.939575195
1530832034,289.2541504,8.033630371,-3.824829102
1530832125,-386.690918,1.914489746,0.965942383
1530832145,418.8479004,5.046691895,0.043579102
1530832150,-419.8266602,-2.08795166,-1.980102539
1530832162,106.6171875,1.043640137,0.915893555
1530832183,-106.7509766,1.976867676,-0.967529297
1530832190,402.0183105,4.061523438,0.057739258
1530832203,-403.145874,0.933227539,1.875732422
1530832271,412.2922363,1.093505859,2.90246582
1530832284,-387.8323975,1.860595703,-2.897583008
1530832286,384.8947754,2.102966309,1.931762695
1530832315,-388.9660645,-1.051147461,-2.944335938
1530832326,411.6105957,4.063476563,-1.883544922
1530832354,-387.3391113,-4.010559082,-0.041992188
1530832378,415.9989014,7.957763672,1.094970703
1530832403,-387.3457031,-4.985961914,-0.045166016
1530832500,410.6303711,7.023864746,2.897705078
1530832518,-386.875,-3.076660156,1.88659668
1530832521,393.2763672,0.053527832,1.976928711
1530832560,-388.206543,-6.051513672,-0.046630859
1530832607,414.5480957,1.086730957,-12.49084473
1530832611,-411.5843506,-5.04699707,-1.05065918
1530832621,414.5579834,-0.883666992,-1.848510742
1530832629,-394.0979004,0.883911133,0
1530832657,413.1704102,-4.821533203,0.090820313
1530832751,116.4423828,-4.933959961,2.892944336
1530832817,-389.1795654,-1.093261719,-2.021362305
1530832825,409.2564697,0.051940918,3.863647461
1530832832,-393.4545898,0.929992676,0.898681641
1530832849,-107.5611572,-3.94720459,-1.934936523
1530832854,380.2825928,402.4039917,-0.840820313
1530832866,-322.1447754,-410.3114624,-0.136108398
1530832959,106.411499,4.000488281,1.934936523
1530832965,-117.2348633,1.970336914,-0.967529297
1530832970,395.7205811,0.055847168,0.021484375
1530833029,-383.2580566,4.857849121,1.905761719
1530833054,411.581543,5.056213379,0.005493164
1530833070,-392.8256836,-0.119018555,-2.896972656
1530833088,414.4893799,5.979919434,0.008666992
1530833117,-363.0637207,-0.157287598,-0.964355469
1530833135,1998.701416,309.697937,5.763793945
1530833154,-1599.398438,-267.6018066,-8.667114258
1530833164,1520.34668,260.5654297,-7.614013672
1530833177,-1915.001587,-265.6948853,24.98730469
1530833181,323.1053467,-32.14764404,110.1123047
1530833214,-393.0174561,1.889099121,0.199951172
1530833253,0.978637695,0,-133.4959717
1530833281,115.5921631,3.007568359,0
1530833285,-119.5961914,2.940917969,-3.8359375
1530833392,463.0247803,8.041992188,-3.832763672
1530833417,-266.6669922,-3.99786377,2.892089844
1530833420,-113.9022217,1.963806152,0
1530833427,392.9710693,8.004882813,0.002319336
1530833453,119.0078125,-4.871520996,-0.965942383
1530833457,-115.2646484,4.92578125,0.976196289
1530833546,-387.4318848,0.86517334,-0.963500977
1530833826,398.9000244,6.030517578,3.858032227
1530833902,-383.0977783,-3.014892578,-0.008789063
1530833905,386.0695801,4.009887695,0.008789063
1530833963,-386.3408203,-1.083190918,0.94921875
1530834477,121.0628662,3.976196289,0.021118164
1530834483,-113.1809082,-0.139709473,6.706176758
1530834497,118.1494141,0.071166992,-0.947875977
1530834505,-117.1739502,-0.071166992,1.919189453
1530834514,121.0789795,-1.878173828,-0.949462891
1530834518,-115.2246094,0.904296875,-1.910644531
1530834912,362.6116943,304.5293579,-0.944335938
1530834925,-330.2059326,-268.9522095,-3.882568359
1530834980,109.3588867,0.050048828,-0.918823242
1530834998,-105.8719482,-2.940917969,-3.869995117
1530835009,324.5854492,398.3890381,0.079345703
1530835016,-3.610595703,10.53271484,1703.537354
1530835021,-325.942749,-422.9888306,-3.133056641
1530835066,111.5695801,-2.936035156,1.967041016
1530835070,-116.4630127,1.957336426,2.723876953
1530835145,8.881958008,-4.60760498,-1662.556885
1530835256,108.5479736,-3.94720459,-0.977783203
1530835258,-103.6138916,-1.973571777,-0.972167969
1530837691,510.7259521,-27.22143555,-0.013427734
1530838908,-613.9094238,-8.859924316,1.925415039
1530839235,233.098877,56.06176758,0.071899414
1530839709,370.6914063,295.6368408,-1.748779297
1530839721,-324.6578369,-282.9770508,0.872192383
1530839799,327.5321045,402.7611694,-1.837768555
1530839813,-317.8365479,-414.4848633,0.865356445
1530839849,213.3737793,404.9832764,0.112670898
1530840049,-146.8791504,-2.012695313,0.965942383
1530841130,0,2.888244629,108.4348145
1530841140,114.5661621,0.962768555,-3.23449707
1530841150,-122.5112305,5.609191895,-4.605224609
1530841162,1544.09729,330.6182251,-0.539550781
1530841188,114.6945801,-12.74383545,-1.14453125
1530841191,-116.4680176,-2.590270996,0
1530841223,-1587.588379,-314.2419434,-0.248291016
1530841304,-1.934936523,2.902404785,-94.69018555
1530841313,1.935058594,-2.902404785,96.60400391
1530841460,-0.084838867,0.083312988,-85.80273438
1530841465,-2.897705078,2.897705078,88.8314209
1530841605,0.973754883,-2.921569824,-83.07788086
1530841609,-0.10534668,0.065368652,101.3995361
1530841782,115.2941895,0,-91.01733398
1530841790,0.977050781,-2.931213379,99.78979492
1530841797,-116.2712402,0,-47.02038574
1530842061,113.3399658,0.977050781,-0.965820313
1530842070,-114.5056152,-0.978637695,0.967407227
1530842117,148.7595215,3.914733887,0.964355469
1530842142,1.960571289,-2.940856934,-82.93127441
1530842191,0,0,85.96484375
1530842224,1.960571289,0,-99.32470703
1530842254,0.980224609,-2.940917969,131.5240479
1530842330,-156.0737305,2.926391602,0
1530843360,119.5633545,-1.856140137,-0.375732422
1530843383,-119.5876465,2.916809082,1.339355469
1530843638,119.3990479,-3.914733887,-4.244262695
1530843647,-119.3990479,-1.957336426,2.336181641
1530844595,106.9482422,2.916809082,0
1530844608,-108.7128906,1.854003906,-0.950317383
1530845350,157.7570801,9.776062012,-1.233520508
1530845585,-161.569458,-0.967468262,-1.912963867
1530847262,-1.928588867,0,-83.21325684
1530847271,-0.964233398,0,85.24060059
1530847357,3.614013672,-1.818969727,-80.2130127
1530847370,4.805908203,0.961181641,91.67211914
1530847374,2.652832031,1.069274902,-88.11938477
1530847420,-0.725708008,-0.106506348,84.86547852
1530847423,-0.961181641,1.922302246,-84.9876709
1530847441,1.925537109,-1.925476074,87.70959473
1530847472,-0.962768555,4.813720703,-101.322998
1530847496,-1.696289063,1.817382813,86.75610352
1530847503,-0.232055664,-1.821044922,-85.94250488
1530847507,-0.236816406,5.884033203,78.42370605
1530847561,-0.961181641,0,-80.56103516
1530847590,3.844604492,-1.922363281,84.9876709
1530847713,3.688598633,-3.761230469,-130.2619629
1530847769,83.06713867,23.18151855,0.954956055
1530847944,-85.10705566,-27.22088623,-1.133544922
1530848683,-0.744140625,-1.096862793,165.0784912
1530849519,115.3192139,0,-0.958129883
1530849522,-118.1846924,-3.983337402,-0.958007813
1530849529,116.2418213,1.071350098,0
1530849533,-115.5087891,-2.911987305,0.340332031
1530850409,-134.5977783,-36.84814453,-0.231079102
1530850538,-1.928588867,-2.892944336,-166.0272217
1530851622,142.7774658,31.5949707,0.983276367
1530851921,-929.491394,-203.70224,-914.364563
1530853512,918.7441406,324.2772827,842.4007568
1530854539,-121.0715332,-28.45166016,-0.962768555
1530855646,1.947753906,-4.86932373,-131.9515381
1530856232,130.7525635,29.21679688,0
1530856495,-937.9438477,-199.5126953,-915.1547852
1530857965,886.2891846,323.046875,805.8479004
1530858773,-127.9172363,-31.01025391,-0.954956055
1530860020,-918.3793335,-199.3979492,-903.2633667
1530860664,137.6078796,21.31951904,0
1530861731,888.6813965,334.5368652,809.2091675
1530862985,-123.4326172,-31.82250977,-0.951782227
1530863529,-900.5310059,-198.749115,-886.9893799
1530864977,137.9238892,22.74816895,-1.109092712
1530865390,880.9291992,332.7129517,803.845459
1530867053,-892.7389526,-200.4647827,-875.5037842
1530867262,-123.5986633,-33.15686035,1.897453308
1530869019,872.637207,328.8217163,789.875
1530869255,128.9731445,30.28912354,0
1530870563,-904.8936768,-195.6205139,-887.9193115
1530871484,-129.6564941,-31.54220581,0
1530872349,860.5842285,333.9991455,787.0817871
1530872646,116.633667,1.004821777,-1.922363281
1530872650,-106.8630371,0.944519043,0
1530873367,116.2069092,5.904052734,0.962768555
1530873370,-116.2102051,-0.994445801,-0.96270752
1530873392,117.6356201,0,-0.620727539
1530873407,-120.3400879,3.915893555,-0.621459961
1530873487,118.5637207,1.977050781,-0.965881348
1530873490,-116.2712402,1.954162598,0
1530873512,1567.245117,338.7126465,3.563720703
1530873524,252.6782227,30.21954346,-1.607849121
1530873530,-113.9836426,-17.43933105,0
1530873574,112.4951172,5.920776367,-0.640380859
1530873581,-120.8566895,-0.578674316,-1.281921387
1530873598,-1564.63562,-282.8110962,0.628173828
1530873892,-867.8347168,-186.7637634,-850.9375
1530875558,127.3692627,117.0411377,-34.18170166
1530875659,369.1827393,301.0968018,-0.185340881
1530875671,-320.9865112,-279.1372375,-0.782142639
1530875752,-123.3621826,-141.4707336,-1.342033386
1530875807,323.8876953,408.557251,0.64868927
1530875819,-313.5772705,-428.2980347,-0.807487488
1530875855,121.7138062,116.2711182,0
1530876048,-127.5201416,-143.5937195,0.95803833
1530876109,-78.49468994,-61.0513916,0.158042908
1530876113,888.2332764,332.8782959,764.2891235
1530876127,-123.0540771,-31.20703125,2.883544922
1530876155,980.4195557,114.5092773,-0.647827148
1530877353,-809.3063965,14.85266113,-2.725646973
1530877612,-837.9338379,-194.977417,-822.1535645
1530877847,-132.3280334,-136.1915894,0.157272339
1530877950,121.7557678,120.5031738,0
1530878124,135.1864624,27.9588623,0
1530878143,-131.5639648,-137.9906006,-0.798820496
1530878245,135.9916992,112.2230835,6.684417725
1530878739,-132.6879883,-138.8302917,0.797645569
1530885198,1582.772217,24.31912231,-20.87149048
1530885210,-115.2756348,-2.72088623,0.581924438
1530885232,-2.931152344,10.7477417,110.8691559
1530885242,516.8217773,-12.51391602,1.450714111
1530885293,849.7653809,310.8667603,814.3435059
1530885312,-1551.433228,-16.83740234,0.567993164
1530885386,115.1303711,0,0.095581055
1530885389,-107.390625,0.967468262,-0.117797852
1530885428,1.573608398,-0.022949219,-117.3372803
1530885468,2.916748047,0,102.3428345
1530885475,-1.944458008,-3.889038086,-105.2122192
1530885478,-1.944458008,2.916748047,103.2991943
1530885495,115.6987305,-0.972229004,-22.95544434
1530885517,-115.300415,-0.027587891,56.43200684
1530885605,-880.7092285,-190.9450073,-844.4284668
1530885620,368.7918701,294.9594421,0.537536621
1530885631,-322.4680176,-280.7904663,0
1530885651,0.985839844,-2.229064941,-124.1392441
1530885726,327.5915527,412.6793213,-0.179748535
1530885738,-316.8496094,-423.9151917,-0.772064209
1530885780,97.94055176,0.458068848,0.773170471
1530885784,-114.4512939,-3.419799805,-0.953361511
1530885790,116.3925781,3.419799805,-0.954917908
1530885793,-116.3878174,-0.512573242,0
1530885877,1554.82251,445.1409912,3.242683411
1530885935,-1532.493042,-403.763092,-3.066207886
1530885955,113.3812256,-0.969055176,0.772064209
1530885958,-112.4121094,0.969055176,-0.951812744
1530886053,-615.6400757,-7.321868896,-1.54901886
1530886069,115.7180786,1.928649902,1.906730652
1530886075,-116.6824341,0.964294434,-0.953369141
1530886396,223.3559875,48.13702393,-1.363380432
1530888979,-2.894104004,-0.567657471,181.1391602
1530889533,169.4424438,-6.73916626,1.906738281
1530889556,-114.5662231,0,0
1530889585,-116.5227661,-0.573944092,0.553192139
1530890620,0,1.931793213,86.50518799
1530890636,116.8953247,-0.401763916,-2.87878418
1530890642,0.965942383,0,-119.9500122
1530890652,-116.8736572,2.897674561,0
1530890810,117.8383789,-3.832122803,-0.550109863
1530890822,-118.2237549,0,-0.403686523
1530890851,112.640686,4.813720703,0.956481934
1530890857,-117.4544067,0.962738037,0
1530890865,116.4916992,1.925506592,0.956481934
1530891026,-2.905822754,1.357635498,314.8309631
1530891032,0.959594727,2.87878418,-273.2930298
1530891085,-1.945556641,3.286468506,385.3894958
1530891092,1.945556641,0.56137085,-332.1654358
1530891108,116.5259399,8.266448975,0.55279541
1530891167,-2.921508789,0.393341064,463.2254028
1530891208,1.979980469,1.535766602,-401.508606
1530891283,-6.839782715,-0.559906006,309.5827942
1530891289,2.933044434,1.531005859,-294.7349548
1530891351,-1.963012695,1.364501953,311.0050354
1530891373,-11.54058838,-1.36605835,-342.9691162
1530891425,119.9677734,-2.90246582,0.953338623
1530891432,-117.7364502,0.798217773,-173.5411377
1530891481,119.4172363,1.525695801,0
1530891485,-117.4544067,-0.962738037,-0.956481934
1530891675,118.8271484,-2.333557129,0
1530891677,-109.1744995,-1.522125244,0
1530891711,117.4838867,1.534210205,0
1530891714,-117.3632202,-1.67755127,0.75958252
1530891731,374.4803467,305.8800964,-0.253189087
1530891743,-326.3214722,-292.3132324,-0.700164795
1530892185,384.4154663,418.5102539,0.610916138
1530892196,-318.6330566,-421.4094849,-0.612457275
1530892549,117.8517456,0.564117432,0
1530892555,-116.8890381,-1.525299072,0.953353882
1530892581,-5.808044434,1.76449585,853.7025757
1530892589,118.6110229,0,1.916015625
1530892592,-119.388916,3.286468506,-2.874023438
1530892685,925.1645508,326.2420654,846.7249756
1530892709,6.115356445,-2.781921387,-844.3624268
1530892731,107.3441162,-3.837768555,0
1530892734,-107.1685791,-3.981018066,1.827392578
1530893009,0,1.938171387,132.8582764
1530893076,110.2929688,1.934936523,-0.194824219
1530893094,-114.7264404,-1.944519043,2.119750977
1530893111,113.1131592,3.00213623,1.167480469
1530893116,-113.4570313,1.063964844,1.170532227
1530893361,111.0197754,2.921569824,-0.954956055
1530893616,-1.94128418,0,119.5269775
1530894113,-971.6622314,-186.7443848,-956.2225952
1530895260,1.959350586,-4.179870605,163.3730164
1530895660,924.3330078,325.9319458,842.9541016
1530895702,2.631469727,1.05065918,-157.8793945
1530895782,5.609619141,-1.887817383,-85.05664063
1530895877,-128.8863525,-37.79370117,0.962768555
1530895885,0.975463867,2.926391602,165.0125732
1530895898,2.442871094,0.987060547,-145.838623
1530896064,2.48815918,0.983764648,-100.5584717
1530896067,1.94140625,-1.941345215,102.4886475
1530896127,2.5,0.977478027,86.10583496
1530896886,115.9077148,0,-0.954833984
1530896897,-114.3502197,0,2.200073242
1530896903,117.9842529,3.902099609,-1.239013672
1530896931,-118.564209,3.839477539,-0.956420898
1530897078,135.8925781,31.06121826,0.961181641
1530897289,-0.967529297,0,-90.05541992
1530897292,0.967529297,-2.90246582,103.8775635
1530897307,112.2235107,7.849060059,0
1530897311,-115.3192139,-1.938110352,1.244262695
1530897346,113.9759521,4.829528809,-0.284667969
1530897352,-107.2174072,-1.070861816,0
1530897362,114.9417725,1.93182373,0.959594727
1530897367,-118.6158447,0.753845215,0.673950195
1530897381,118.8128662,1.067687988,0.959594727
1530897385,-114.1628418,0.967468262,-1.919189453
1530897649,-999.3171387,-202.0725098,-986.0945435
1530898276,117.3253784,-2.32598877,0.586791992
1530898288,-109.6847534,-2.911987305,0.961181641
1530898323,0.071411133,-0.392974854,-109.2160339
1530898380,-0.973815918,0,156.6705017
1530898628,0,0,-172.3306885
1530898759,371.3330078,303.6126099,0.961166382
1530898771,-323.6297607,-284.451416,-1.625137329
1530898788,110.0458984,0,0.962738037
1530898801,-118.1345825,-2.50579834,-0.964309692
1530898823,331.1159058,402.7229614,0.663131714
1530898835,-316.8534546,-427.526062,0.661453247
1530899229,-1.932983398,0.404907227,354.0913086
1530899233,0.964294434,-1.928649902,75.07122803
1530899237,3.868347168,-1.772796631,-392.8048096
1530899334,958.8933105,340.9785767,872.4641113
1530900294,114.3502197,-1.938171387,0.959594727
1530900301,-117.2574463,0.969055176,1.043334961
1530900308,118.0327148,-0.967468262,-5.89831543
1530900313,-113.1953125,1.934936523,3.018188477
1530900718,-119.2961426,-37.14440918,-0.103759766
1530900887,115.9077148,-5.795410156,0.964355469
1530900914,-115.5606689,-1.984924316,-1.076416016
1530901068,-1054.634888,-202.6057434,-1038.682617
1530901555,147.7659912,25.70361328,0.622497559
1530902158,107.3832397,7.881347656,1.931793213
1530902178,-115.8660278,-1.96383667,-0.629318237
1530902509,996.6425781,331.9572754,903.6733398
1530903857,-1090.426514,-204.0925598,-1071.209106
1530904450,114.2833252,5.674163818,-0.736282349
1530904466,-109.5505981,-0.552612305,0
1530905151,1048.776611,319.2374268,961.0397339
1530905518,-138.3902588,-30.68945313,0.968994141
1530906176,-1114.150635,-201.996582,-1093.865234
1530906713,117.5897827,2.475646973,0
1530906719,-115.817749,-1.496612549,1.941314697
1530907205,1079.284058,309.9575195,988.8597412
1530907349,133.4071045,31.68444824,-0.972290039
1530909752,-1131.153564,-202.46875,-1107.395508
1530910729,-122.1607361,-32.51052856,-1.683319092
1530910925,1110.779541,311.9390259,1018.434998
1530913190,134.307373,26.52264404,0.919189453
1530913760,368.0031738,308.4452515,1.866455078
1530913772,-322.0991211,-285.8500366,1.083984375
1530913899,0,2.931213379,113.1954346
1530913940,0.021362305,-1.873962402,-104.4880371
1530913943,0.977050781,2.931213379,102.5531006
1530914025,0,0,-104.4880371
1530914045,-0.975463867,0,81.13549805
1530914056,-0.975463867,0,-94.65795898
1530914060,-59.50317383,0.975463867,99.48754883
1530914086,-0.975463867,-2.926391602,-102.3851318
1530914090,-1.950927734,1.950927734,103.4088135
1530914722,383.5095215,409.7156372,2.897705078
1530914741,-308.3625488,-412.8546143,7.319702148
1530914939,1.083618164,1.053466797,-90.05371094
1530914947,2.965209961,-5.930603027,92.73327637
1530914981,-0.989990234,0,-90.56872559
1530914985,-1.980224609,-2.970214844,100.5177002
1530915020,0.990112305,-2.970214844,-91.89941406
1530915023,-60.37121582,-5.006530762,104.3891602
1530915040,355.9908447,300.6121826,1.580566406
1530915053,-322.8492432,-273.3200073,-0.607666016
1530915070,319.8743896,409.663269,0.609375
1530915081,-317.526123,-415.3737793,3.266845703
1530915134,9.010742188,5.005554199,-93.33679199
1530915136,-0.127929688,2.893737793,89.44763184
1530915197,109.1728516,0,0.968994141
1530915212,-118.7108154,-2.043395996,0
1530915254,252.4897461,1.061218262,-4.265258789
1530915443,116.8286133,1.980163574,0
1530915471,-117.8188477,4.950378418,3.309204102
1530915566,114.0356445,-2.044494629,-6.572509766
1530915570,-120.8322754,-0.14050293,-1.344360352
1530915582,-1.604980469,-1.065124512,-101.307251
1530915585,2.945556641,0.981872559,96.11682129
1530915668,-390.4602051,-2.088684082,2.263549805
1530915674,394.0788574,-1.960571289,1.58581543
1530915771,-386.6097412,-2.996887207,-1.938232422
1530915970,408.559082,-1.883972168,-3.28894043
1530916098,-391.7254639,-1.050842285,3.041137695
1530916213,405.3010254,1.038146973,0.983520508
1530916282,-2.599853516,-1.022827148,167.5726318
1530916305,-375.6851807,-9.011413574,-0.377075195
1530916393,0.033081055,1.92590332,-91.99597168
1530916401,-0.036987305,1.036865234,101.2368164
1530916433,0,0,-101.447998
1530916436,-0.985107422,2.955505371,104.7984619
1530916470,-3.000610352,0.040283203,-106.6761475
1530916473,3.940673828,0,104.71875
1530916517,399.3166504,3.995849609,2.308227539
1530916528,-393.0410156,-2.016662598,-3.288452148
1530916534,402.5786133,4.035827637,-2.556274414
1530916549,-381.7972412,-3.002685547,-1.963867188
1530916556,402.5981445,0.072265625,3.927612305
1530916562,-391.3742676,-3.033935547,1.590209961
1530916599,404.2403564,5.033630371,2.306518555
1530916666,-384.8380127,-5.96685791,-0.354003906
1530916772,120.7756348,2.023193359,2.936035156
1530916775,-113.8499756,-4.003356934,-1.957275391
1530916787,398.2955322,-2.886291504,4.901489258
1530916813,-4,3,-93.72338867
1530916816,-389.9185791,-4.041564941,-0.547119141
1530916820,2.989990234,-2.989990234,99.17358398
1530916836,409.2579346,1.061340332,2.940795898
1530916928,0.991699219,0,-164.9074707
1530916932,110.6762695,5.010742188,0.324707031
