a,b,c,d
-117.6463623,0,-25.82481384,1.903633118
406.8795166,0.81855011,248.2913513,-1.112968445
921.9525146,830.0650635,329.1647339,63.7114563
127.770752,-1.554199219,29.74786377,6.433364868
-879.6448364,-865.9937744,-210.5759277,-47.68128967
-379.4458618,-0.812149048,-247.768158,1.10370636
395.3247986,-1.081016541,251.3015137,-0.159980774
-379.0690613,-0.679199219,-245.9618835,2.21472168
-118.4097366,0,-25.78277206,0
125.3977966,-0.945655823,20.1902771,-0.945655823
394.6895752,0.813354492,255.6835022,-1.107170105
-378.4595642,0.133827209,-253.0773621,0.159980774
396.2561646,1.900543213,251.5987854,-1.900535583
-380.4127502,-0.947189331,-248.1665955,0.947189331
-117.1720963,-0.945655823,-28.65800095,1.891304016
393.5440369,1.631896973,248.8963928,-2.221672058
-377.6686096,-0.814903259,-243.5436554,1.107170105
394.0515137,0.948730469,248.4395142,-0.948722839
-381.3530579,-0.812477112,-242.6276855,1.10332489
124.3831787,0,22.87097168,0
-116.98172,0.945655823,-28.6113739,0
391.3933411,4.575187683,255.2962036,-3.944877625
-378.348938,0.132286072,-244.6605072,1.108711243
397.7842407,0.813682556,248.3369751,-2.052429199
-381.3141785,-0.812477112,-240.9459686,1.104858398
123.5348969,-0.132858276,25.65729523,0.783782959
402.2739258,1.756599426,249.6748657,-1.10332489
-380.6621094,-0.807342529,-253.6082153,2.037155151
398.4420166,0.810943604,251.5754089,-1.101799011
-114.5717468,0,-30.86532593,0
-383.5537415,-0.810058594,-241.5071564,1.099502563
126.7175903,0.941070557,21.75006104,0.941078186
403.0183716,0.809738159,247.0808411,-1.101409912
-382.624054,0.132537842,-252.1107178,2.981651306
400.6733704,0.807655334,253.6313782,-1.095703125
-384.8623047,-0.677848816,-250.2035065,0.316482544
-116.8830414,0,-27.55779266,0
400.4449158,0.268638611,252.4529572,-0.630683899
130.9127197,0,27.50848389,-1.903625488
-387.6722107,-1.770362854,-248.6793671,-0.793754578
403.0666504,-0.134811401,249.6546326,1.747123718
-387.6730347,-0.816116333,-243.6465607,1.109092712
-110.8965225,0,-21.21498871,0.95803833
401.6641541,-0.134483337,251.4765015,1.744415283
-385.9939575,-0.961166382,-242.5716095,-0.961174011
405.3753662,0.959602356,243.5406799,-2.878799438
-387.8309326,-0.68586731,-237.6251373,-0.63609314
126.8742676,0,20.18453979,0
400.4415283,0,254.0430908,-0.953361511
-120.1460876,0,-31.71856689,0
-382.124054,-1.785865784,-242.9757538,1.122741699
398.1244202,0.80430603,249.1432495,-3.046646118
-384.6680298,-0.822227478,-239.5378265,-0.79725647
124.9519196,0,25.9515686,0.95803833
1322.799561,841.6975098,576.1744385,65.04029083
-129.3476563,-5.24432373,-24.43566895,6.293655396
-952.1495972,-938.1519165,-194.1435547,-39.93008423
-379.7322388,-1.797149658,-238.0124512,3.06085968
128.1452637,-0.135894775,22.24206543,1.767448425
397.649353,0.828422546,243.944519,-1.123916626
-382.6761475,-0.830917358,-245.5364838,1.127868652
-118.0327911,-0.962745667,-28.0569725,-0.962738037
389.0099182,1.641677856,246.0848999,-2.234115601
-367.9713135,0,-241.8553467,0
391.0708313,-0.134811401,245.712616,-2.063232422
-380.9127197,0.135803223,-238.0221558,2.073722839
126.8099365,0.822227478,25.36199951,0.79725647
1356.056885,878.0341187,570.1573486,54.69717407
-125.9476318,0,-29.59790039,0
131.3780518,0,27.34460449,7.689346313
-1115.870361,-1099.19165,-205.6973267,-51.68740845
-382.3560181,0.13747406,-241.8074188,2.091400146
-119.8868484,-0.967483521,-26.3997345,2.902442932
1471.372803,1001.479858,557.1296387,60.14556885
126.3883057,0.044555664,34.12060547,6.976959229
-119.9918213,0,-30.48974609,0
131.3596191,-0.041992188,25.48773193,0.704528809
-127.9395752,-2.940917969,-25.82299805,7.842376709
135.0979004,4.810058594,28.80761719,-0.257537842
-124.5428467,-0.966674805,-33.60681152,-7.541290283
362.6057129,-1.829223633,305.8730469,7.287918091
-323.9353027,-0.973876953,-281.1973877,0
-0.981933594,163.8774414,2.945739746,9.754608154
318.7357178,2.931274414,410.7919312,-8.793624878
-317.5355225,1.214111328,-414.7224731,-8.542816162
4.782470703,-162.4609375,-1.961791992,8.808135986
-95.40332031,-1.960571289,-7.868286133,8.822662354
125.6853027,-2.936035156,30.43939209,-0.978683472
-119.7937012,1.148193359,-32.40319824,0.260452271
70.06274414,-5.263061523,42.43237305,0.240951538
-77.09790039,-0.973876953,-40.52581787,7.790863037
174.4926758,-1.938842773,99.99017334,-0.247116089
-181.1297607,32.98962402,-109.7531738,-14.0380249
103.7590332,-51.26940918,70.58337402,-31.75221252
-72.26037598,2.99987793,-44.0927124,-8.894256592
-114.4987793,-1.934936523,-39.39648438,-0.967475891
-290.9412842,-4.877319336,-117.0440674,8.779151917
129.8521729,1.934936523,34.23242188,-9.674819946
100.8973389,-5.700927734,35.32989502,9.489021301
114.0203857,-10.41235352,75.75891113,-1.368751526
-127.7385254,-1.053588867,-87.59820557,-9.456710815
-105.5875244,-2.916748047,-36.51153564,0
70.06274414,0.136474609,123.3498535,-0.185112
-110.5214844,-0.120239258,-44.40594482,0.200584412
111.6791992,-1.109985352,48.64892578,0.184661865
-276.1618652,0.970581055,-107.9863892,-8.735954285
-117.6356201,-0.970703125,-27.44830322,8.735961914
131.2442627,1.15637207,28.61712646,18.36495209
0.993408203,168.6733398,2.980102539,8.022155762
-2.287353516,180.2330322,-1.939025879,10.38623047
0,-178.7329102,-1.954162598,-9.065002441
0,180.6951904,2.931213379,9.065002441
2.610839844,-125.4777832,1.016052246,-15.68473816
-2.931274414,127.8496094,-2.931213379,7.109268188
-1.299072266,-126.458252,2.96697998,-16.66503906
1.278076172,126.8765869,-0.034179688,16.72016907
2764.851563,2255.11792,523.0664063,104.0405273
-112.6240234,-6.263427734,-30.89685059,12.31234741
-2428.636963,-2399.536621,16.65612793,-139.1381073
2492.441406,2479.626709,-6.738647461,151.1138916
-2424.714844,-2396.491943,8.76171875,-152.4237671
2478.239014,2464.713623,-7.411865234,153.8919373
-2412.057129,-2397.838135,-3.886962891,-139.1477966
2469.541748,2450.047852,-5.649902344,150.8866272
-2422.043457,-2396.901367,11.9708252,-130.1761932
2458.634766,2428.86499,-7.65637207,130.6852722
-2413.952148,-2406.002441,0.914306641,-139.6496582
2479.29834,2456.375488,-12.75537109,141.3929138
-2427.777344,-2398.731445,14.76403809,-148.402832
2455.647705,2447.4021,-2.702636719,141.3881531
-2435.797363,-2398.209473,1.997924805,-151.668396
2487.582764,2471.215088,-0.730957031,132.9229279
-2423.842529,-2393.075195,7.735473633,-142.6937256
2462.740234,2436.181641,-7.689453125,152.4130554
-2416.930176,-2399.644043,1.778564453,-130.9309082
2464.856445,2439.445801,-7.729125977,144.3924255
-2416.239014,-2398.44873,2.176635742,-130.1281128
2466.076904,2452.327637,-3.782470703,141.388092
-2429.965088,-2398.274658,12.76086426,-139.4194946
2476.915527,2434.900635,-7.729125977,152.1721191
-2.881347656,-168.0559082,-0.199584961,6.839477539
-0.9296875,101.8979492,0.793212891,17.07592773
-5.979980469,-125.0649414,-0.996704102,-18.56433105
2.985351563,172.0405273,0,19.97705078
-2428.046631,-2394.09668,7.944946289,-150.2106323
2483.655273,2466.095215,-7.722412109,145.3940735
-2425.720947,-2402.276367,3.847290039,-152.1713867
0.03125,156.2764893,1.133789063,17.47190857
2471.088379,2494.603027,-10.4954834,146.8083801
-2412.57373,-2404.415527,-5.914306641,-143.8674316
2496.641113,2483.529053,-5.686889648,114.4543152
-2405.82959,-2404.796875,2.756958008,-140.3357544
2466.881104,2445.580811,-11.61401367,161.6903381
-2408.607178,-2392.520508,5.555053711,-149.2745972
2488.798828,2481.783691,-3.726318359,149.9461975
-2415.728027,-2399.311768,5.760131836,-149.5565796
2490.090332,2477.106445,-5.672729492,152.4580383
-2411.607422,-2396.96582,5.827514648,-160.4060059
2484.806152,2452.447998,-10.55432129,161.8905945
-2413.672852,-2396.010986,5.829711914,-159.1767578
2474.12207,2454.589111,-1.991699219,138.8103638
-2416.541504,-2393.336914,-2.093139648,-132.9290161
2472.821289,2453.95459,-6.707885742,148.4675293
-2421.274414,-2382.730225,7.83605957,-123.1853485
2499.817871,2479.324707,-8.615112305,139.7681885
-2421.431641,-2394.915039,3.853393555,-149.2734985
2463.246826,2431.925049,-9.616821289,151.2244263
-2415.637207,-2394.807617,-1.25769043,-158.7020264
2467.261719,2443.54541,-3.054199219,138.5035095
-2422.663086,-2400.501465,5.69934082,-160.2550049
2509.378174,2500.535889,-4.872680664,141.671051
3.986816406,-197.623291,-2.989990234,-7.341461182
-2421.689453,-2396.980957,2.745849609,-135.6269531
2460.506348,2436.794434,-12.72583008,133.5542603
-2434.62793,-2393.927734,8.924316406,-131.6253662
2479.487061,2441.832031,-6.944213867,136.3432922
-2291.172852,-2395.00293,36.53552246,-135.4023438
2489.476074,2469.346191,-9.465087891,143.3165588
-2414.007324,-2392.04834,-1.320068359,-149.37323
2541.312012,2460.470703,-19.5177002,133.3443909
-12.54492188,-160.7685547,3.823608398,-6.862060547
-2413.001953,-2391.753418,4.58581543,-118.4821777
2475.74707,2449.191895,-14.49645996,140.9696655
-2426.624023,-2395.290527,10.77661133,-150.9682617
2461.870361,2400.389648,-8.623413086,113.5947571
-2418.236328,-2396.279053,-3.231323242,-139.0123138
2457.677979,2441.977539,-6.60546875,146.9081879
-2422.99292,-2403.321533,4.682373047,-136.7873535
2491.50293,2466.351318,-16.36804199,151.6389465
-2419.163086,-2394.169434,1.615722656,-147.7402344
2488.428955,2441.154297,-14.41149902,149.7525024
-2417.998535,-2393.052979,1.596069336,-147.975769
2479.205078,2473.728271,-6.3828125,163.8134155
-2422.858398,-2395.202148,0.576782227,-143.0294189
2476.614258,2454.830566,-4.612304688,150.6328125
-2417.52832,-2393.509766,5.364868164,-144.4816284
2505.778564,2452.805176,-15.24926758,159.5855408
-2432.850098,-2389.77002,16.44592285,-139.1264343
2492.444336,2459.447754,-16.09155273,137.1346283
-2423.615723,-2395.282227,4.42956543,-135.0335083
2455.074707,2432.887207,-6.333496094,149.5983887
-2426.211914,-2391.460205,13.19128418,-125.9818115
2483.091309,2447.86377,-14.25622559,146.1900787
-2426.001221,-2394.89209,10.52355957,-144.7939148
2505.159668,2495.924072,-13.48071289,162.0562134
-2425.505859,-2389.824951,11.35180664,-131.1221313
2492.959473,2458.862793,-13.32995605,133.2829895
-2424.653564,-2390.890625,14.30529785,-130.1593475
2494.100586,2475.95752,-9.11315918,126.4428406
-2423.696289,-2392.808105,2.474609375,-130.1593628
2486.625977,2460.635742,-8.247436523,133.0634766
-2423.268066,-2389.978516,12.18151855,-109.6086731
2501.91748,2471.954346,-13.32177734,134.1564636
-2427.470703,-2395.032227,7.314819336,-135.2976074
2456.225342,2435.158203,-7.328613281,123.624115
-2412.744629,-2387.468262,-1.482421875,-143.2800903
-272.185791,1.493041992,-510.8024902,0.413612366
-121.6074219,0.959594727,-29.33337402,7.676803589
126.8099365,0,35.11663818,0
-121.3192139,-0.263305664,-29.18890381,0.214355469
128.1759033,-0.305786133,31.22717285,0.202270508
-879.6332397,-863.524353,-189.0679932,-26.29310608
855.8295898,781.2105103,339.2163086,63.24072266
-120.1483154,-0.956481934,-30.21716309,6.6953125
-862.4992676,-849.0874634,-204.8136597,-34.81730652
133.0010376,-0.961166382,24.82827759,-3.844673157
845.7695313,769.0492554,330.8462524,58.85121155
-121.4934082,1.919250488,-30.07568359,-6.717208862
-860.5213013,-845.1854248,-198.6932983,-35.61123657
132.6644897,-0.95803833,27.47720337,0.958030701
841.3601074,766.8336182,340.1884155,66.42883301
-121.90271,-2.225158691,-32.89440918,-6.461746216
-853.2400513,-834.5958862,-200.0160217,-36.54974365
144.2205811,0,26.51605225,-3.801078796
849.6473389,772.0184937,338.6729126,62.08480835
-865.796936,-852.5883179,-202.0411682,-36.27212524
-122.4287109,0.200462341,-28.69424438,0.160369873
834.1142578,752.3378296,341.4146118,72.64988708
124.9520264,-3.471069336,26.91271973,6.432388306
-851.8352051,-833.0401001,-196.611908,-43.94267273
-121.2745056,0.19997406,-29.60244751,0.158447266
823.3341064,745.619751,346.7668457,71.74072266
-855.2663574,-840.0163574,-204.1696472,-35.42553711
134.8172913,0,19.80181885,0
836.7127686,750.7028809,333.8540039,66.10083008
-118.2183838,0.643493652,-28.88885498,0.212295532
-885.5460205,-865.5112915,-190.082489,-39.60060883
126.6672363,-1.154808044,34.54559326,0.79221344
114.5662231,-0.20249176,-8.664672852,1.744415283
116.1116333,0.951812744,0.959625244,-1.903633118
-116.1116333,-0.951812744,0.959594727,1.903633118
112.3150635,0,7.282104492,0
-117.1130981,-1.900543213,0.394714355,0.950271606
0,107.8610992,0,3.985023499
117.4893799,0.944122314,-1.344421387,0
-115.5826416,-0.459655762,-1.518798828,-0.181724548
116.546936,0.950256348,0.568511963,0
-116.3104248,0.462615967,0,-2.667304993
-1.003723145,165.0784302,1.34475708,-0.948730469
0.95489502,-164.3964691,-1.909820557,-1.900535583
113.0100708,0.422912598,5.795410156,-3.071304321
-117.5106812,-1.900543213,2.333129883,1.900543213
115.1520386,1.891326904,0,-6.619567871
-116.1116333,-0.945648193,0,-2.836975098
-1.903625488,83.62362671,3.807281494,2.850799561
-1.012695313,-90.13134766,1.365692139,-7.030143738
-0.961181641,86.81059265,1.922332764,-0.762138367
220.7530518,-0.962646484,417.0188293,-0.383827209
-174.7595215,1.432556152,-406.4773254,0.191680908
0,163.9257507,-1.925476074,4.942550659
-4.837402344,-159.8552246,0.967468262,-3.979499817
107.5667725,0.948730469,-1.938140869,-4.743629456
-116.2883911,-0.948730469,-1.938140869,0
121.90271,-0.461486816,0.967498779,-0.183059692
-118.4274902,-1.894378662,2.373931885,1.894371033
117.4544678,0.950286865,0,0
-118.4171753,-0.488098145,2.888244629,0.17930603
115.7334595,1.885192871,0.956481934,-0.942596436
-0.95489502,392.2554016,1.909851074,184.3498535
3.786682129,-353.1706238,-1.475280762,-147.8810883
-3.844909668,299.2705994,-0.521911621,161.4520111
2.89465332,-280.4369507,-0.436096191,-158.6348877
163.5375366,0,0.087677002,3.770385742
118.5421143,0.944122314,-2.334777832,-0.944122314
-109.9649658,0.445922852,-2.427398682,-1.637802124
115.3569946,-2.336761475,0,0.696121216
-116.8311157,0.945678711,-2.433288574,0.945663452
-173.5552368,-0.44543457,4.23840332,-0.249526978
-1.946838379,286.0328979,0.419281006,-1.644851685
0.989440918,-271.4061584,-1.372375488,14.85398865
-0.032287598,277.0146484,1.375732422,-10.84329224
3.819641113,-272.3487549,-0.95489502,16.73918152
940.6523438,854.133667,331.1030884,-20.48193359
-971.7449341,-955.4230957,-202.338623,31.04733276
2.181152344,-82.4551239,-0.819122314,-0.225524902
-1.033752441,75.31573486,-3.423309326,3.813461304
0.967468262,-113.7013245,0,-4.050537109
0,128.9350281,2.902435303,7.859344482
923.5055542,841.9304199,333.3071899,-11.73958588
362.7008057,-0.081787109,308.34552,0.747817993
-318.9470215,1.038452148,-288.7393188,-9.372741699
3.84387207,-98.83874512,1.000976563,-14.39400482
-1.88659668,89.24279785,1.944763184,-4.79800415
-2.133422852,-79.20361328,5.908935547,-4.829483032
-0.98034668,85.96484375,5.881774902,13.52256775
375.0773926,0.843994141,421.5740356,10.37786865
-313.5220947,0,-424.5213623,0
-1021.586426,-1008.35437,-196.4248962,38.68652344
118.4202881,0.961151123,0,-1.922332764
982.6203613,898.1075439,324.5849609,-16.78207397
124.2924805,10.55554199,-5.872070313,9.596000671
-97.86804199,0.959594727,0.97869873,-9.596000671
145.6011963,-4.074462891,-35.96325684,-0.21647644
-158.7387695,2.21472168,-0.973876953,0.220687866
115.5872803,-0.967529297,5.917724609,0
-108.9925537,0,0,-18.44256592
139.270874,2.450195313,116.0465698,0.442001343
-1057.246582,-1046.518799,-193.2950439,28.41793823
-124.4976196,-0.521606445,-140.1823425,2.196289063
118.6158447,0.972259521,-2.940887451,-1.944519043
-117.5105591,0,-0.612426758,-1.941314697
137.4682007,1.494995117,117.829895,-2.195678711
-125.9827881,-1.947723389,-140.2747192,2.921569824
977.4776001,0.152282715,111.4084167,-1.95401001
103.3101807,2.454620361,8.940307617,0.724517822
-115.0723877,-0.969085693,-2.700469971,0
1.626953125,-99.65063477,4.680480957,-1.934951782
-3.608886719,88.5695343,-4.67388916,1.69102478
116.8287354,-1.474731445,-3.960296631,1.647354126
-117.6500244,-1.471954346,3.25012207,0.25440979
1023.627441,962.4840088,302.9863892,-15.04925537
114.46875,0.970703125,3.94720459,10.67727661
-119.402832,0.284912109,1.973571777,-0.748840332
-802.0092773,3.602294922,13.01068115,-9.270889282
184.6002197,2.575927734,38.29467773,-0.242156982
1561.55957,-1.058227539,288.9214478,10.00057983
-177.9902344,-3.882568359,-12.71789551,0
-1530.139771,-0.844238281,-217.1437988,-9.010879517
119.7596436,0.970703125,-1.707336426,-9.706619263
-111.5083008,5.159667969,0.986816406,0.222854614
-129.6812744,0.972290039,-134.7866821,0
106.645874,-10.27770996,134.9896851,-10.10404968
-126.0418701,1.319702148,-132.8813477,0.223831177
107.4775391,-4.201782227,126.0418701,-0.223831177
-1137.330566,-1120.37207,-202.1124878,14.92407227
-129.9708862,0,-141.1249084,0
1057.564087,970.7624512,336.1574097,-22.54162598
119.4283447,1.295288086,3.975341797,0.222808838
-113.2941895,1.290527344,-2.955505371,-9.42036438
363.3786621,4.491943359,303.0233765,-0.24256897
-329.9190674,-1.571899414,-274.3145142,0.226608276
378.987915,2.129394531,410.5946655,-0.487716675
-320.6088867,-3.490234375,-422.1901245,-9.463058472
-1180.27002,-1159.124512,-200.4002686,17.81359863
-0.986816406,-128.2644806,0,-10.0166626
-0.951477051,-70.14076233,3.404846191,14.31477356
1131.764282,1042.206909,327.2307129,-16.97372437
213.2717285,0,397.0427246,9.770683289
-203.2617188,-0.977050781,-398.0310059,-10.74775696
0.134765625,-71.69750977,1.025085449,-4.137130737
3.993286133,182.9383545,0.998352051,18.68725586
0,75.35839844,-2.975158691,3.914718628
-7.986694336,-76.33093262,-0.998352051,-14.00985718
533.1638184,2.694824219,-22.01837158,-0.480880737
339.8811035,55.14904785,349.8861694,2.69430542
-204.0056152,15.63305664,-365.7686157,0.977081299
-148.2578125,1.960571289,-0.994995117,-20.58621216
113.4321289,0,0.994995117,0
-114.802002,-0.98034668,3.003723145,0
-615.8243408,4.984985352,-5.938720703,-10.34541321
231.2640381,-54.69604492,57.05633545,-13.0269165
-9.993530273,143.8660889,-3.012756348,16.63757324
0.993286133,-90.71142578,0,-13.97712708
0,75.23425293,-2.980102539,3.908279419
-0.900512695,-105.4128418,3.018737793,-25.61434937
0,115.1401367,7,5.196716309
-1.005004883,-96.70629883,3.015075684,-5.920791626
-8.040161133,109.2700195,-2.010070801,5.23097229
253.1467285,3.036010742,543.6971436,-0.288299561
2507.504639,2442.844727,-5.341918945,126.2790222
-2416.529053,-2384.251953,-5.659179688,-146.036377
2468.204102,2431.943115,-11.68554688,147.5335236
-2415.689209,-2395.134766,-1.602905273,-146.0586548
-255.1219482,-4.147949219,-541.4194336,0.268264771
241.6081543,-3.330810547,545.6314697,-11.62174988
2523.668701,2486.176758,-10.6048584,139.1903076
-9.782226563,-95.86010742,6.192260742,-3.463409424
3.336425781,112.7192383,-10.40124512,31.77957153
-2425.752686,-2400.206787,7.499633789,-145.7998657
2483.180908,2450.565918,-18.88562012,131.2674713
-2429.101563,-2400.998535,2.776367188,-160.2013855
2475.050293,2465.465332,-4.503662109,138.6921082
-2429.343506,-2404.052246,6.627929688,-149.1156158
-2.994873047,-80.56408691,-4.991699219,-14.43786621
-4.620361328,88.22668457,0.105712891,14.70445251
2463.163818,2379.80957,-9.467529297,127.5536346
-2426.193359,-2393.18457,2.505737305,-134.2171021
-1.33203125,-193.0170898,0.896240234,0.724655151
2507.351074,2472.073242,-7.701904297,141.3681946
-2420.246338,-2394.766602,-2.33996582,-150.5313721
365.3977051,-0.481567383,287.755249,9.521484375
-317.4577637,2.440429688,-272.7017822,10.98088074
314.9326172,-0.471557617,398.7814941,-0.247344971
-314.6223145,2.411254883,-400.6988525,0.247344971
-1.314453125,-99.51782227,-2.104614258,-4.412811279
-3.691162109,90.86743164,-1.904052734,14.65602112
-1,-92.66870117,-3,-4.877304077
0,90.20947266,2,-4.644180298
2512.975098,2493.615479,-7.506225586,141.8696289
-2410.426514,-2392.515869,8.401733398,-150.7658997
2511.913574,2483.883057,-6.479125977,141.1408691
-2418.80542,-2396.249512,6.451416016,-147.71875
0.531494141,-105.7241211,-1.079711914,-15.33534241
2.975097656,105.1765137,0.991699219,5.843139648
160.4887695,-0.450317383,3.888549805,0.725891113
-250.6881104,-0.541137695,-521.7424927,9.968933105
-154.8012695,-0.977050781,-3.935852051,0
2.984985352,-102.5921631,0.995056152,-4.8853302
2.985107422,104.5463867,-1.99005127,14.65602112
0.996704102,-89.05993652,0,-4.8934021
2.989990234,94.93188477,3.986694336,4.8934021
-0.990112305,-90.16760254,5.940490723,-23.65704346
3.960327148,90.86743164,-2.970214844,14.65602112
-137.3924561,4.315795898,-38.5489502,0.229888916
3.986694336,-87.24633789,0,-4.901473999
2.990112305,83.32507324,3.986694336,3.921188354
-2.989990234,-93.53869629,0,-14.93604279
-0.996704102,91.3182373,2.99005127,4.909576416
146.6469727,2.365356445,38.91558838,0.247192383
249.4813232,-31.11181641,538.5115967,-2.414505005
2491.916992,2471.569824,-21.19238281,128.1044922
3.520996094,-94.26391602,1.922363281,-31.42129517
-2,95.24560547,8,3.927642822
-2411.46582,-2385.121338,5.34375,-147.213623
2513.136963,2485.03125,-11.28320313,151.1347961
-2417.498779,-2389.982666,10.31884766,-137.4910583
-0.479492188,-91.16003418,-2.913085938,-15.07078552
-0.492675781,84.72558594,-3.900024414,13.63400269
2460.073486,2438.657471,-12.3458252,150.1676941
-2419.394775,-2390.871094,-0.508056641,-158.4245605
0,-89.14074707,1.993286133,-4.130126953
1.989990234,99.49694824,0.994995117,4.877304077
2486.337402,2448.096191,-7.661743164,127.1531982
-2426.348633,-2395.052246,15.57312012,-144.8650818
-1.444091797,-89.25012207,-0.899291992,-13.3924408
-4.428710938,84.72558594,-2.897827148,3.895431519
-0.998291016,-103.4089355,1.996704102,-5.070854187
-0.998291016,102.2550049,1.996704102,4.869293213
2500.069824,2469.862549,-10.43945313,161.8440552
-2421.366699,-2499.213867,0.633178711,-150.7576904
159.2570801,-5.019287109,4.805053711,9.538101196
2501.044434,2456.03125,-7.712036133,172.4521179
-2417.733398,-2388.540527,8.641601563,-133.746582
-161.2001953,-1.067382813,-0.811767578,-0.212768555
2462.187256,2428.671143,-6.406738281,147.6048584
-2415.414795,-2387.534668,0.553588867,-145.8390198
2501.11084,2464.571289,-13.43017578,149.498291
-2427.340332,-2385.420654,15.58007813,-136.8764038
2510.499512,2473.466064,-5.528686523,149.7457581
-2424.187012,-2387.268311,3.563598633,-132.6687012
120.5721436,4.005004883,-4.404663086,-10.14455414
-117.394043,1.950805664,3.114013672,0
117.2171631,0.970703125,-1.986694336,10.67727661
-109.6834717,-0.969116211,0.093139648,-20.3504715
-255.8830566,1.03515625,-521.7161255,0.195800781
1565.678467,1.815185547,313.5947266,-0.588417053
-1537.873779,-1.79296875,-248.6969604,-9.135612488
-0.989990234,104.831543,0,14.55992126
-130.2574463,0.244262695,-34.53796387,0.203765869
358.2631836,-2.383422852,306.3621826,-0.438873291
-322.8365479,2.173583984,-267.5907593,9.974861145
-4.677612305,431.0167236,-0.953674316,203.7988739
5.661010742,-386.744751,1.940490723,-171.932785
0.259765625,287.4622803,-0.953674316,171.3761597
3.947265625,-275.0009766,0.986755371,-167.7141418
-1.973632813,175.6569824,0,150.9647827
-1.720214844,79.53515625,2.002563477,33.38513184
314.3244629,76.84472656,407.8500977,23.05291748
-314.0640869,-48.22851563,-407.2003174,-4.37512207
4.417358398,-294.8994141,-1.056884766,-165.2193604
140.4870605,2.921630859,36.4263916,0
162.2176514,1.928588867,1.028198242,0
-145.2999268,-2.897705078,-0.98840332,9.658981323
-4.942138672,163.5999756,0,-13.48395538
119.5837402,1.950927734,-1.953491211,0
-115.0393066,0,3.96685791,10.69483948
118.4031982,-0.967407227,-4.900085449,-10.64230347
-103.6138916,0,-2.960388184,0
166.8446045,0,-0.949584961,0
-158.6638184,0.967407227,-1.008422852,10.64228821
1.980102539,375.1634521,3.960266113,187.5526123
6.733276367,-357.9215088,-1.968261719,-172.5932617
-9.323730469,235.3605957,0.004943848,156.5736084
1.775024414,-231.9327393,0.991271973,-161.6452942
0.135864258,132.0098877,1.958496094,45.62109375
2762.8396,2429.810547,540.8010254,122.1779175
-2.995117188,-108.2260742,0,8.310119629
5.700195313,80.96313477,-5.223876953,2.926391602
4.983398438,-134.5893555,0,-5.389801025
-2412.445801,-2394.624268,4.460449219,-137.5262146
2477.130859,2444.527344,-14.32019043,122.040329
-2419.340576,-2359.141602,5.383056641,-148.7852173
2500.811279,2457.164307,-12.52612305,139.2528381
-2423.447266,-2394.120117,3.542480469,-128.5435181
-134.9432373,1.94140625,-29.60778809,0
-253.6907959,26.68896484,-537.5367432,9.984298706
2740.45459,2432.503418,529.9891357,103.5160217
-2406.171387,-2395.696045,11.53112793,-130.8218994
213.2424316,-0.584716797,421.2011719,8.452758789
-191.473999,2.529296875,-405.3337402,8.076477051
213.887207,-0.594360352,405.6586914,-0.298416138
-188.2075195,0.591308594,-400.6951904,0.298416138
2504.579102,2482.130859,-8.671142578,138.7446594
-2420.019043,-2398.018311,2.728881836,-130.8296509
2468.702148,2437.818848,-12.59692383,141.2806396
-2418.048584,-2396.839111,8.672607422,-122.855896
2491.701172,2463.834961,-19.54394531,117.9043579
-2428.060791,-2392.875732,10.95373535,-127.0454102
2481.342285,2412.939453,-10.35754395,155.4391022
-2425.13916,-2396.906494,10.60656738,-122.5126953
2490.547119,2436.269043,-12.55102539,129.5883789
-2415.999512,-2396.518066,4.635131836,-129.8306885
-294.1800537,30.34448242,-526.9632568,9.929855347
248.3791504,-32.34851074,531.921875,-10.90115356
134.909668,29.6385498,37.29382324,1.679290771
2476.475586,2453.348145,-6.407104492,122.3296204
-2421.547852,-2395.76416,12.22814941,-141.7590332
2517.652832,2513.595703,-11.24951172,132.7680969
-2423.587891,-2396.883545,6.387939453,-124.1369019
2491.895508,2466.191406,-11.03881836,139.7816162
-2412.201172,-2393.316162,1.207885742,-149.2423706
-1.947753906,-127.4187012,-0.973876953,-45.02767181
1.803466797,130.9328613,-0.927978516,25.99401855
-255.9952393,-3.378417969,-526.8771362,-10.34486389
173.3807373,7.739868164,5.905273438,-9.674819946
-147.5373535,-1.931884766,-4.885375977,0
0.713134766,-166.1343994,1.042785645,7.727172852
124.0220947,-130.2800293,0.059265137,-34.94140625
-116.2006836,0.964233398,2.871948242,9.643180847
106.4901123,-21.69091797,95.83636475,-10.85092926
-120.3426514,0,-74.13110352,20.02064514
157.4508057,3.962524414,85.39111328,-9.625999451
74.25720215,1.938110352,33.22033691,0
173.4978027,-13.36218262,33.32727051,9.493049622
-179.3553467,0.965942383,-27.49688721,-9.658981323
74.046875,11.97790527,20.74060059,0.672485352
-71.44372559,0,-39.1472168,-9.658981323
-78.99743652,-6.55090332,-36.32879639,10.37293243
72.26000977,-1.763183594,38.31317139,11.36775208
73.42956543,-0.796142578,39.90386963,-10.70269012
-177.1411133,47.02038574,-114.5056152,-9.596008301
82.07373047,3.83215332,122.133606,0
-90.45568848,-1.754882813,-38.87719727,-0.194641113
-146.3095703,0,-51.38977051,0
-20.38391113,165.5129395,-6.794616699,1.162521362
-150.6702881,2.915649414,-51.5826416,0.220626831
-0.400024414,132.9498291,-0.993225098,38.25897217
68.0579834,-132.678833,-28.19549561,-31.22427368
1.492919922,-164.7821045,0.94708252,-1.91607666
0.972167969,167.4056396,0.972290039,10.74131775
6.326171875,-164.2457275,-0.987792969,-10.50410461
130.4912109,3.543457031,68.36785889,0.225326538
-78.49475098,-0.959594727,-57.17510986,0
182.0239258,-1.610168457,124.2116699,-6.940963745
-181.0802002,12.76507568,-106.704895,-5.982925415
144.1547852,0.335449219,35.79681396,-0.230880737
-85.96484375,1.90057373,-34.77233887,-6.651870728
109.2069092,0,42.83728027,5.70161438
-260.4436035,-1.289672852,-92.32958984,6.915878296
-891.5189209,-878.4769287,-199.4663696,-29.21615601
161.2531128,0,2.460601807,-0.951820374
-158.8865356,-1.897453308,0.417114258,-1.897453308
-113.0100708,-0.804969788,-30.90875244,0.168495178
864.6008301,784.7641602,340.44104,71.66790771
128.7966309,0,28.83508301,-6.662704468
-878.6712646,-853.7796631,-194.9487915,-41.34610748
853.8962402,771.6035156,345.3597412,70.53440857
147.0588379,-0.565246582,8.650512695,-12.51852417
-155.9053955,0.55090332,-0.956481934,5.898376465
-108.7641602,1.32611084,-25.95733643,-12.51852417
-861.9161987,-844.7440796,-207.9736023,-43.83033752
134.6433716,0.944122314,21.00817871,0.944122314
841.2437744,754.9191895,344.4794922,69.36010742
153.9924316,-0.942565918,-1.912963867,5.655563354
-158.5321045,-0.371582031,-2.971740723,0.244674683
-122.3857422,-0.942626953,-28.46179199,0
-863.3640137,-845.4014282,-208.874054,-43.92321777
849.0874023,768.4985962,352.6065063,79.50372314
128.6063232,-1.879089355,28.57397461,5.637313843
-858.7111206,-841.4586792,-210.8288269,-48.16036987
845.2674561,763.5686646,346.6915283,74.25115967
-858.5957642,-843.8564453,-210.1132813,-42.44512939
542.2524414,1.201889038,-23.20083618,0.330978394
830.3256836,756.8171997,349.0365601,-38.29226685
370.717041,0.278686523,304.864624,0.733383179
-327.9074707,-1.227539063,-277.2565308,0.220367432
320.213623,1.226013184,417.0621948,-7.736785889
-322.0861816,-0.282714844,-426.0897827,0.207687378
-614.8372803,0.294311523,-1.062194824,-7.116760254
161.6815186,0,0.056274414,0
-153.8435059,0.62878418,-5.801025391,7.773925781
244.697998,1.278564453,72.92956543,-0.20665741
-858.4474487,-842.5010376,-202.3037415,21.2979126
-129.4324646,0,-31.00662231,1.885192871
377.118866,0.728271484,313.3158569,-4.001525879
-332.4814758,-0.944122314,-292.2268066,0.944137573
332.9980469,-0.451148987,424.9512024,-2.463699341
-326.0344238,-49.89003754,-436.6397705,-29.0779953
116.3744812,0.768074036,2.406890869,-1.135475159
-117.2637939,0,0.953369141,0
109.0081177,0,9.10345459,0
-177.486084,0,0.457855225,1.888244629
117.8205566,-0.236991882,-1.331665039,1.706787109
-107.5924683,-0.178436279,-2.38470459,-0.190742493
1557.776489,4.1848526,468.8738403,-0.564865112
124.7536621,0.941070557,13.98962402,0
-1524.096436,-4.943115234,-402.8331299,2.646621704
176.0817261,4.712982178,-2.902435303,1.885192871
-153.8295898,-3.770385742,-2.90246582,0.942596436
108.6386719,1.882141113,2.463775635,-0.941070557
-119.296814,1.882141113,-2.455841064,-0.941070557
118.3261719,-1.882141113,-3.350646973,0.941070557
-118.3277588,-0.941070557,2.386352539,0.941070557
1504.049927,4.165885925,383.5885315,0.37726593
144.3684082,0.941070557,0,-0.941070557
-1480.539551,-3.086273193,-344.8637085,0.641372681
-15.12756348,856.5744019,-3.043304443,25.60350037
-158.0758057,1.586730957,0.95803833,-6.398986816
2.091186523,-845.4302368,-2.148254395,-24.39816284
106.7767944,0,-6.673553467,0
-116.3104248,0.216369629,-3.813446045,0.208694458
117.6463623,0.730300903,0,-0.209213257
-117.6463623,0.218429565,-3.825897217,1.157928467
117.8964844,0.667221069,2.471740723,0.828742981
-105.3839111,-60.44007111,4.79019165,41.87010956
112.0901489,1.717475891,-3.832122803,0.757980347
-113.0482178,-0.77028656,0.95803833,1.139472961
0,110.0522766,1.909851074,1.897445679
3.878479004,-91.2257843,-3.270019531,-2.850814819
0,90.529953,-1.909851074,6.858505249
116.0830078,0,2.309997559,-1.882141113
-109.4586182,0,-0.951812744,1.882141113
171.2755737,-1.712844849,358.8066406,-0.405715942
-144.3399048,0,-364.8970642,1.900543213
116.6898804,-0.38482666,0,1.682090759
-107.1251221,-1.502471924,-1.912963867,3.983146667
-1.919189453,180.6160583,0,-34.47546387
23.03039551,-212.6795959,7.676818848,1.438735962
4.670654297,257.1056519,3.27154541,-35.52922821
1.028320313,-254.2594604,0.546783447,37.42053986
-0.954956055,-74.70664978,0,-4.728271484
0,83.62419128,0,5.901031494
1.985961914,-98.50758362,-1.370330811,-4.735946655
0,98.81604004,0,6.875839233
376.482666,0.94720459,310.0420837,-1.894378662
-333.6275635,-21.78533936,-288.4757996,-15.15501404
0,144.2064514,-1.903625488,-6.641082764
2.203857422,-164.5173492,1.080291748,-0.207672119
390.0279541,-0.772460938,421.6595154,-0.407691956
-330.2885132,-1.118835449,-431.4772949,3.243118286
0,-70.80921936,1.922332764,-5.664733887
160.7371216,-1.332946777,1.495239258,-2.094902039
855.0791016,767.6108398,349.0084229,31.4611969
8.512084961,-125.6130981,-0.876037598,-15.36064148
-155.2016602,1.479248047,-0.958007813,0.224029541
-861.9248047,-852.6889038,-206.3411255,28.17166138
1580.830688,4.922592163,13.97488403,-2.633468628
-1550.674316,-3.991958618,-31.13308716,2.633758545
-120.3195496,-1.609802246,-30.55734253,2.183563232
382.9924316,-0.126731873,306.4917603,-1.11605835
-336.1954346,0.127037048,-285.6003113,1.118003845
336.3115234,0.682136536,423.3276367,-3.176002502
-332.9143066,-0.681251526,-432.1538086,1.297538757
136.4555054,0.810691833,17.88037109,0.756118774
160.241333,-0.129486084,3.770385742,-0.184333801
-152.4973145,0.130439758,-0.947174072,-1.708702087
-121.6343689,0,-33.25939941,0.938041687
131.645752,0.939552307,28.0098877,-0.939552307
-121.2745361,0,-29.60241699,0
72.45968628,0,109.5363464,0
-86.08270264,0.129211426,-132.9499512,1.130241394
81.20080566,1.076400757,122.1700134,0.181510925
70.54891968,0,105.8234253,0
-76.89682007,0.945648193,-124.171051,0
138.9100342,0.948730469,23.52645874,-0.948730469
-125.1818848,0.129844666,-34.1098938,0.183952332
1017.177124,925.5754395,328.295105,37.61407471
134.0687256,-2.7890625,36.0491333,7.425460815
-1096.656494,-1079.643188,-203.2677917,-34.01690674
1045.262451,954.2230225,338.2026367,48.11190796
-126.8099365,-0.029052734,-26.33746338,0.243743896
132.1882324,0,33.13391113,-7.664291382
-1161.153198,-1140.416382,-217.6163635,-36.66229248
-125.2153931,0,-31.06115723,-0.959602356
1093.531006,1005.761597,336.5388184,38.04238892
-1172.934937,-1140.389038,-208.1847229,-31.26446533
147.6256104,0,27.08837891,0
-126.1860352,0.131759644,-28.14916992,2.104293823
373.8487244,0,298.0183716,0
-323.2783203,-0.699813843,-283.82901,0.371559143
322.692749,1.801902771,409.3302307,-2.118713379
-316.4223633,0.265800476,-424.8557739,0.3670578
136.7896118,0.969070435,20.51843262,0.969070435
1125.804199,1044.920532,319.3671265,34.28849792
375.5731201,5.737426758,292.1534424,-0.225494385
-319.2113037,2.032592773,-275.2695313,-7.49848938
314.0928955,-5.165405273,403.3582764,-0.762237549
-314.0714111,-1.845214844,-408.3168945,-7.512771606
-1182.395264,-1157.286377,-204.3964844,-33.37454224
-127.0575867,-0.973861694,-33.04898071,0
1133.048218,1051.592529,316.3451538,34.5730896
-1164.944092,-1148.368408,-196.9770813,-30.9130249
1144.30188,1051.592529,310.4111328,26.75646973
139.1641846,0.978759766,32.8137207,8.808120728
375.2851563,4.877197266,282.0933838,-8.779144287
-328.3707275,-4.767456055,-265.0615234,-8.535385132
312.7706299,-5.956054688,397.7058105,7.361495972
-317.2915039,0.039550781,-402.3717651,0.22618103
116.1394043,-0.978637695,-0.976257324,8.808120728
-114.8085938,-0.978759766,2.994995117,-8.808120728
115,-1.109008789,2,-0.217041016
-120,5.038330078,-3,-9.585922241
367.645874,0.98034668,281.4989014,0
-321.7823486,0,-269.4688721,0
319.4893799,-8.942993164,389.3554077,8.591629028
-317.9821777,-1.827270508,-393.71698,0.216491699
117.6834717,2.931152344,2.006958008,-8.793617249
-114.6176758,2.983642578,-0.996643066,0.212738037
-126.6674805,0.076171875,-33.68347168,9.951873779
140.0653076,20.38391113,36.5569458,0.970657349
-2.960449219,82.37097168,1.973571777,13.56697845
-1.973632813,167.0628662,-0.986755371,18.63996887
114.6947021,-1.258056641,1.960571289,-9.896591187
-117.635498,2.227294922,2.940856934,0.237625122
-120.3776855,-0.965820313,-30.33911133,8.693069458
-0.977050781,-231.3139648,2.931213379,3.631851196
-0.608398438,132.8582764,-3.909484863,6.739181519
0,-105.8897705,0,-5.995010376
-0.978759766,-87.60949707,-2.936035156,-4.813705444
0,103.9760742,-2.936035156,5.776443481
114.135376,-3.863647461,-1.957763672,0
-109.4317627,-0.837036133,-1.954162598,0.227554321
133.418457,-0.093505859,30.1895752,9.509811401
109.0627441,0.973876953,-2.867492676,-9.738571167
-109.0720215,-0.972167969,0.973815918,9.722579956
2.737548828,-77.39855957,1.022949219,-4.837402344
-3.721069336,89.00830078,1.92767334,4.837417603
-125.7478027,0,-30.10046387,0
137.9388428,-0.989868164,30.79541016,-0.218490601
-125.0551758,0,-28.03436279,0
582.7626953,-0.036865234,529.0617676,-0.292617798
-559.5172119,0.075073242,-524.3297119,0.584518433
113.8134766,-0.952636719,134.8439331,-0.203918457
-1.662597656,164.7821045,1.715576172,0
-2.926391602,-126.6672363,1.950927734,-16.3132019
-127.2220459,-1.171630859,-144.062439,-9.859130859
109.9293213,-1.922363281,128.9830933,8.650512695
-125.7128906,3.079833984,-146.6881714,-9.365982056
-0.968994141,-163.8239746,-2.907226563,-9.580352783
966.7663574,-0.724121094,116.6253052,-8.08833313
-3.889160156,166.7753906,2.916809082,8.982116699
-0.972167969,-165.885376,0,-0.953361511
2789.963623,2432.336914,520.4592285,114.1932068
-2435.708008,-2379.921631,13.54333496,-141.2024078
2497.187988,2435.294434,-20.50512695,130.6982727
-2428.704834,-2381.648926,17.51428223,-146.0440063
2632.556152,2446.549316,12.27282715,141.7787323
-2430.571045,-2386.585938,7.373535156,-139.3425293
2488.967529,2437.950684,-28.12597656,114.5408936
-2439.537354,-2385.640137,19.37854004,-120.0380859
2484.073242,2444.548096,-20.68920898,116.7295227
-2443.602295,-2382.832031,22.53210449,-109.0527039
2520.569336,2457.09668,-16.58178711,129.265625
-2426.854492,-2381.862061,18.56298828,-114.4306641
2496.36792,2443.339355,-21.49536133,128.8419495
-2420.730957,-2379.588379,4.651611328,-108.6741943
-813.8399658,1.679199219,21.03613281,0.260955811
2499.891846,2470.436035,-16.15759277,112.2142029
-2428.387207,-2391.424561,15.07849121,-119.936554
2480.794678,2437.782471,-19.05664063,116.032135
-2426.479492,-2389.751465,12.19458008,-108.1009521
2503.972168,2463.998047,-21.15686035,123.5300293
-2419.126953,-2393.392578,9.34777832,-115.0600586
2499.437012,2463.795898,-18.05505371,123.7938232
-2421.145752,-2388.746582,4.439819336,-126.1778564
2500.231445,2457.210205,-16.03918457,121.8808594
-2424.535156,-2392.467773,7.29309082,-119.944397
2480.117188,2439.601074,-20.14355469,109.6685181
-2431.453369,-2385.812988,15.5456543,-113.475769
-133.2766113,-0.190307617,-139.0072021,5.99357605
2491.679199,2458.001953,-13.72827148,117.9530334
-2424.403809,-2389.791016,6.252441406,-113.6684875
118.0213623,-0.771850586,125.6196289,-0.264709473
2482.027344,2445.335938,-9.227661133,115.943222
-2425.531982,-2392.443848,9.278076172,-108.3647461
2479.958008,2447.467529,-15.38098145,110.811615
-2428.432129,-2391.456299,17.12854004,-113.2412109
2345.201416,2447.35376,-152.96521,110.7390137
-2419.250244,-2391.456299,12.71643066,-108.3647461
2489.61377,2451.116211,-15.17956543,110.6297607
113.909668,-3.851074219,124.4487305,0
-2428.301758,-2385.512695,16.13195801,-120.694397
2475.9375,2449.91333,-19.08190918,123.0831909
-2417.009277,-2393.322266,10.25610352,-120.8930054
2473.224121,2439.449707,-20.84875488,122.6197815
-2426.027832,-2392.244141,16.95336914,-109.1414185
2494.474121,2467.298828,-17.8338623,106.3002319
-2425.572754,-2391.455078,17.0078125,-108.7011719
2474.884766,2440.306152,-12.93237305,110.4420776
-2427.838379,-2386.515869,9.011108398,-119.8415527
2493.051514,2460.943604,-15.79443359,106.2201538
-2422.027832,-2390.095215,13.99145508,-108.6047821
2352.174805,2451.471436,-151.1447754,116.3234558
-2418.983398,-2393.015137,8.633789063,-108.7832642
2493.39502,2463.10498,-17.484375,117.4663696
-2420.831055,-2391.111328,8.216186523,-108.7832642
2478.824707,2445.023193,-14.07324219,110.8844299
-2418.834473,-2392.435059,4.243041992,-126.9258423
-122.5985107,1.686889648,-32.02929688,-5.459228516
2516.859863,2486.384766,-11.35803223,117.6672974
-2420.967529,-2391.257813,8.549560547,-108.1787109
2476.041016,2442.218018,-7.494750977,109.9310608
-2420.959717,-2391.257813,8.517089844,-108.1787109
2503.572266,2465.215576,-13.37988281,110.9859314
-2423.804199,-2387.484375,15.3371582,-101.8431396
2494.517822,2449.60791,-15.46960449,99.28067017
-2418.093262,-2391.95874,14.46862793,-108.4396362
2490.834473,2459.620361,-12.44482422,105.3373718
-2414.185059,-2389.583984,12.28649902,-108.8798218
2470.597168,2444.864258,-15.07897949,104.9915314
-2416.793945,-2389.290527,7.268798828,-109.371582
-274.6533203,-1.214050293,-517.8999634,0.264572144
137.8974609,0.296936035,30.8581543,5.411514282
-121.5040283,0,-31.82250977,6.673553467
135.74646,-1.555297852,27.91949463,-5.932617188
-883.9732056,-865.5490112,-207.1598511,-78.05982971
-122.7840576,0,-30.45806885,-1.879104614
879.9481201,797.0872803,335.7455444,109.2343292
128.9143066,-1.89440918,27.86865234,0
-864.8425903,-850.0157471,-210.9049377,-93.73049927
729.96521,773.5286865,314.3781738,107.4643555
-862.6903076,-842.9850464,-205.4570618,-82.26754761
135.3776855,0.790664673,20.97406006,-1.074554443
852.0838623,759.9577026,337.5270996,111.0754395
-119.9499512,-0.379150391,-32.62640381,5.94770813
-850.5783691,-838.5682373,-205.6772461,-83.6100769
132.9346924,-1.101799011,24.45355225,0.818595886
836.8964844,753.2910156,348.310791,117.9525146
-123.5507813,0,-28.91326904,-5.70161438
-866.7491455,-844.2574463,-198.702301,-86.44550323
840.3267822,760.7472534,346.5570068,114.7388916
128.7966309,0.947143555,29.79626465,0
-870.9927979,-854.1442261,-212.8765564,-83.07945251
0,127.6138992,0,11.45775604
-120.6582031,0,-31.89678955,2.832366943
0.951812744,-117.4340515,0,-8.648658752
845.1607666,755.5396729,348.4606323,111.2713928
-849.5325928,-833.2924805,-212.0867615,-74.84135437
136.0410767,0,22.03485107,-1.888244629
-111.8813477,0,-27.3260498,0.947181702
119.2945251,0.204589844,-0.915161133,0.135368347
-107.1251526,0.947181702,-0.956481934,-2.841560364
117.8019409,0.945648193,-1.420013428,-1.891311646
-109.1796265,-0.945655823,0.461975098,0.945655823
-3.608001709,126.9232407,2.379638672,18.94376373
133.4573975,0.944122314,22.46484375,0
0.953369141,-126.8477173,0,4.543045044
-134.684967,0.129211426,-32.05883789,0.184593201
134.9354248,0,22.38793945,0.945648193
1590.988281,3.225234985,29.10284424,-2.602897644
-1553.713745,-4.166305542,-33.81088257,3.537918091
1580.498779,3.364624023,27.73153687,-1.480567932
-1554.477417,-3.634803772,-30.80105591,0.181282043
1572.822998,5.245254517,25.36221313,-2.423164368
-1556.240479,-3.364624023,-34.50100708,2.427726746
1587.619141,4.253135681,24.43930054,3.186546326
-1557.753418,-5.022590637,-21.5557251,2.621070862
-123.5276184,-0.938034058,-31.9045105,-0.938041687
375.2432251,0.941070557,314.2769775,-1.882141113
-327.7550049,0.941070557,-297.0045471,0.941070557
333.0380249,-0.128555298,424.9793091,-0.182998657
-333.9960938,1.066589355,-424.0244141,2.056045532
133.2412109,0.942596436,22.42788696,0
-124.7264404,0,-31.25308228,0.947189331
131.5518188,0,26.42526245,0
953.9023438,862.1554565,332.3695068,40.27780151
-121.6602783,0.950256348,-28.85266113,0
-1010.903015,-982.0935669,-199.6216125,-20.20658875
11.6151123,677.666748,-1.436065674,50.78421021
-12.57315063,-346.0946045,6.215332031,141.0697479
1.752166748,-268.3172302,-1.430236816,-161.6771393
127.6268005,0.804473877,23.03036499,-2.08618927
916.8983154,843.0368652,342.5603027,42.32258606
-1069.691162,-1051.740479,-208.7452393,-23.48513794
-124.6360779,-0.821647644,-31.44415283,-0.765869141
977.4260254,894.5649414,340.4190674,40.54829407
116.6480713,0.958007813,-0.926757813,-7.664276123
122.4228516,-5.738769531,30.94946289,7.651794434
-1087.834473,-1069.869629,-207.1755981,-13.02598572
-124.8051758,-0.954917908,-29.99194336,0.954917908
1044.158569,948.890564,327.2272339,74.39689636
135.8927002,-0.088623047,29.11987305,-7.940322876
-126.0793457,-1.931884766,-28.40386963,6.761276245
-1118.47876,-1105.419312,-208.4424133,-67.01437378
134.4589233,0,25.68963623,0
-121.6860352,-0.838851929,-32.49749756,2.100112915
-386.1096191,0.109298706,-229.9721069,0.158409119
128.8444977,0,25.73040771,-0.975463867
1560.518188,1081.467285,551.2093506,59.82009888
-117.8188477,0.981811523,-25.74194336,-7.855316162
132.5333252,-4.041625977,30.8815918,7.094360352
-128.678833,-1.950927734,-28.73803711,0
133.4387207,0,31.62988281,0
368.289917,-1.809936523,297.6082764,7.313552856
-324.7214355,0,-281.3487549,0
321.1629639,-0.736206055,399.3929443,-8.275787354
-311.2851563,2.687133789,-417.1651001,8.275787354
-182.6362305,2.861572266,-29.4574585,8.024429321
367.5098877,-0.848632813,300.4532471,6.553665161
-326.3834229,-0.967529297,-277.9420166,-14.51222229
324.6713867,0.965942383,406.8216553,0
-319.0584717,0.838378906,-416.6177368,0.239196777
129.1246338,0.137695313,29.26342773,-8.004089355
367.0440674,-2.529663086,294.6212769,-0.469467163
-323.9370117,-0.186523438,-276.9451904,0.235015869
323.8225098,18.29211426,408.6381226,-5.776443481
-319.9848633,-2.892944336,-417.4176636,-7.714538574
-123.4768066,0.961181641,-31.11224365,0.961166382
133.4255371,4.684936523,33.2175293,1.190292358
-0.732299805,165.9960938,-1.025695801,1.191864014
174.0704346,2.059936523,-1.883361816,0.226425171
211.6882324,-1.239135742,391.2316895,-8.15737915
-188.3060303,1.1015625,-393.1729736,0.24156189
110.7828369,-1.240966797,1.813171387,-0.453231812
-113.0021973,-0.954833984,-3.966186523,8.59425354
120.1794434,0.959594727,4.885314941,8.636413574
-114.3118896,-3.838378906,-3.963378906,8.636413574
-155.0983887,9.596069336,2.926391602,8.636398315
-126.4562988,0,-31.03045654,0
0.475952148,-165.8852539,-1.906066895,-3.813461304
0,165.3466797,0,-3.801071167
-1.934936523,-166.2969971,1.934936523,-3.801071167
-0.967529297,165.0899658,0,4.037002563
133.5124512,-1.018798828,29.0244751,-0.232833862
107.2147217,-0.948730469,-0.965881348,7.589813232
-104.3170166,-0.948730469,-3.863586426,7.589813232
0,-166.0325317,0,2.6040802
266.9460449,1.184265137,556.5664063,6.372528076
2496.549561,2419.749268,-20.29724121,110.17099
-2415.647461,-2382.262695,12.6427002,-139.1513824
2496.621582,2452.52002,-14.57214355,149.5521545
-2417.378906,-2388.817383,13.54797363,-97.5177002
2471.378418,2439.014648,-14.55554199,116.5977478
-2423.48584,-2386.241455,8.783203125,-114.5248413
2486.966553,2445.434326,-18.57714844,110.2913818
-2422.631348,-2385.946777,8.853637695,-108.9394531
2470.871094,2425.938232,-13.79174805,104.1342773
-2420.751465,-2383.981201,10.84179688,-114.4169922
2518.051758,2478.108887,-15.63293457,111.1618958
-2422.574707,-2386.91626,10.77404785,-108.769104
2497.283691,2464.845947,-17.47290039,105.964386
-2418.325684,-2388.960693,12.60754395,-108.4865723
-114.5662842,0,-29.8449707,0
2474.743164,2451.609863,-9.896972656,104.5804138
-2423.279297,-2393.816406,8.932739258,-108.6639404
2493.478027,2475.884521,-9.890991211,112.1616516
-2410.262451,-2396.626221,3.20324707,-120.7559204
2490.719727,2460.958496,-11.84228516,105.5001831
-2417.244629,-2389.736328,10.85693359,-109.2521973
-260.3439941,-1.205444336,-513.1342163,-0.697357178
130.5056152,2.175964355,28.7880249,6.347976685
-121.8692627,4.408325195,-27.82843018,-5.386810303
-885.4465332,-868.9317627,-211.7587585,-77.45330811
136.3847046,0,23.27548218,0
875.6481934,799.0605469,355.381897,110.7339478
116.4787598,0,-0.859313965,-5.664749146
-110.7382813,0,-2.013244629,0
115.7598877,-0.241333008,0.093505859,0.257507324
-115.1519775,-1.900512695,3.838378906,-0.950256348
-871.1158447,-854.7973633,-214.1485901,-71.09597778
-122.3857117,-0.941070557,-30.35925293,0.941070557
865.1520996,779.8919678,345.3354492,99.24633789
126.6672363,0.937988281,30.70715332,0
-875.2849731,-860.4072266,-208.8304749,-89.95097351
865.8988037,787.4925537,338.6100464,107.3927765
-119.5753174,0,-31.82244873,-5.738845825
-883.039917,-862.7481689,-199.348114,-81.58003235
133.0394287,0.314926147,28.09570313,0.258804321
858.7337646,783.34552,341.9193115,109.1183319
-120.3620605,-5.738830566,-29.11987305,11.47769165
-873.3300781,-854.442749,-197.3933411,-79.64865112
845.366333,769.9766846,340.2919922,108.1633759
132.2230225,0,30.03466797,-5.720184326
-876.1273804,-859.1547241,-191.6340637,-72.23880005
-117.0496521,1.107940674,-29.32446289,1.077026367
852.1228027,769.3778687,346.0404663,112.5703735
-857.4584351,-836.0049438,-199.3411255,-79.25688171
135.2977295,-0.950271606,21.64453125,0
-106.2902527,0.950256348,-32.71499634,1.900535583
372.7358704,-0.1301651,308.6185913,0.767417908
-326.7826538,0.130477905,-295.5619812,0.184844971
331.0314636,0,422.1288757,-0.954910278
-324.1644897,0.130477905,-436.1010437,1.138206482
135.2355042,0.829406738,20.72039795,-0.185096741
864.2855835,770.6904297,327.3492432,37.61064148
-874.222168,-859.0164795,-195.8509216,-11.92984009
-122.0809326,0,-32.52215576,0
136.8565063,0.828163147,23.82733154,-1.145812988
-120.3634949,-1.747879028,-30.25738525,1.144561768
381.545929,0.843612671,303.7783813,-1.103294373
-332.8760376,0.106658936,-287.8643494,0.153030396
328.4737549,-0.213058472,415.2444763,-1.257507324
-321.7675171,-1.687477112,-424.8248291,2.209320068
142.6872559,0,23.29589844,0.954917908
376.4251099,-0.216209412,304.7671814,-0.313339233
-328.699585,-0.850067139,-291.3535461,2.072547913
330.6124878,1.812538147,415.0404663,-3.037231445
-323.2368774,1.069404602,-431.1467896,-0.80430603
-0.961120605,105.8932724,-2.883514404,3.048210144
0,-75.13115692,0,-4.970550537
-1.052001953,87.65302277,-0.539367676,4.009376526
-122.2822571,-0.328689575,-30.62512207,1.759559631
1.934967041,70.74209595,0.967498779,-0.969070435
943.7952881,866.2930908,327.614502,71.49058533
144.3115234,10.65979004,34.59521484,0.969070435
-1014.041016,-985.2216797,-191.5028687,-46.14196777
2.950622559,-82.56467438,-0.983551025,-1.135810852
-120.559967,0.954925537,-32.08450317,0
-0.983551025,98.68315125,0,2.902442932
377.9311829,-0.645523071,294.0960693,-0.34173584
-328.1394043,-122.3466492,-276.4411011,-5.624725342
134.925354,0,23.98150635,-0.964317322
322.8111572,-0.174118042,413.3730774,-0.191368103
-321.2035522,-0.784347534,-415.0860596,1.14894104
114.3170776,0.958030701,0.977050781,-0.958030701
-105.798645,0.787475586,-3.482421875,-1.14894104
119.4406128,0.964309692,2.502288818,0
-111.3238525,0,-6.896148682,0
72.30310059,0,60.57827759,0
-76.35119629,0,-50.45422363,-0.965896606
1019.003784,923.4753418,310.4981689,-37.08557892
368.9163818,22.20227051,389.2796631,19.09672546
-315.2614746,0.979248047,-413.2539063,9.85018158
190.4794922,4.805053711,110.5496216,0.773117065
-210.1865234,77.91894531,-95.81567383,30.39421082
81.49890137,-0.184082031,128.6309814,-0.257568359
-182.0345459,-8.632446289,-26.42437744,6.999282837
72.36914063,20.21759033,-16.49688721,0.962738037
119.8234863,-16.10949707,99.97375488,-0.191841125
-141.4416504,1.922363281,-91.39343262,-8.650512695
227.8825684,-40.37963867,102.2550049,-2.485656738
-77.98095703,-1.270996094,-31.9609375,-0.770721436
-130.3793945,17.68585205,-5.881774902,1.339668274
75.35839844,-0.959594727,40.12591553,8.636398315
-152.0927734,1.188842773,-99.81048584,-8.79914093
78.69970703,0.958129883,126.241333,0
-74.7833252,3.825805664,-120.3772583,-18.17301178
70.34899902,-0.771484375,121.1565552,8.428756714
123.9802246,0.954956055,3.138183594,0
-113.7541504,0,0,0
-83.47692871,3.482910156,-133.9512939,0.389762878
129.2824707,1.909790039,31.04003906,0
118.2036133,-3.366455078,86.6159668,-0.353210449
-985.8583374,-867.6704102,-250.4927673,31.54582214
82.3895874,0.950271606,120.7077637,-0.950256348
-85.30633545,0,-114.8917542,-0.950256348
111.4429932,-1.186782837,93.99975586,0.733856201
-81.99926758,0,-16.15548706,0.94871521
-87.82440186,-0.233810425,-42.17260742,0.73336792
86.08612061,0.950271606,40.33404541,-0.950256348
-306.612793,24.03340149,-143.2141418,18.29933167
-0.958068848,88.6628418,-1.916046143,-2.860092163
-0.965881348,-95.96043396,1.931793213,-5.012832642
0.957580566,83.07780457,-1.385040283,2.864761353
119.7741089,-0.440185547,-0.415985107,2.641525269
-119.7756348,0.95803833,0.419128418,2.874099731
-1.939331055,164.8006592,-0.542572021,-1.690185547
117.6431274,-1.682556152,-2.916778564,-0.245666504
-118.6358032,0.95803833,0.440856934,0
2.90838623,-165.4737244,1.516418457,-4.062164307
0.969055176,-80.63502502,0.969085693,-1.179138184
851.1401978,842.3519287,318.5703125,13.6262207
1.446166992,73.98956299,4.809692383,5.529678345
0,-74.159729,0,-4.018493652
-3.422729492,-77.85583496,1.860107422,-19.265625
0.967407227,99.94085693,-1.934997559,-0.732788086
0.964355469,-79.25811768,-2.892944336,-4.774581909
1.928588867,100.2663574,2.893005371,6.684425354
148.5050049,0.161987305,5.785888672,-0.207641602
-146.1392822,-0.151855469,-3.936462402,7.860450745
-851.9989014,-838.3834229,-200.6550598,3.587219238
-120.7372437,0,-30.90872192,0
846.6397095,762.289856,345.9763184,26.28797913
-0.953369141,71.08081055,1.906738281,4.969299316
126.3387451,-0.182495117,32.50952148,-0.727279663
-842.4526978,-831.5512695,-209.6179504,0.507904053
162.3207397,0.939559937,-0.405029297,0.939559937
-157.4886475,-1.882141113,-1.897460938,0.941078186
835.789917,753.7012329,348.4630127,13.49591064
-3.819702148,-73.76104736,0.95489502,2.836967468
-119.2697754,0,-31.47052002,-8.483360291
1.239990234,166.0807495,-8.502563477,-5.468795776
0.953369141,-82.21447754,-2.860107422,-4.939529419
-1.267944336,376.0068359,0.915710449,191.5315247
2.216674805,-297.4301758,-3.77734375,-167.8809662
-11.45898438,-165.4625854,6.684448242,-9.656028748
-1.916015625,164.8833008,1.91607666,10.59151459
0,-153.5736694,-1.91607666,6.401168823
373.5100098,1.280029297,310.5436401,7.335113525
-326.6164551,1.547729492,-291.3109131,-7.335113525
325.2102051,-0.599060059,422.7250366,-0.205657959
-324.8234863,0.254577637,-429.4152222,0.38835144
367.1486816,1.305480957,318.6748047,-0.205627441
-327.0267334,-0.947143555,-291.8059692,-7.577507019
330.8620605,3.905273438,412.7218628,-0.618385315
-323.2039795,-0.332275391,-431.9107666,0.194885254
-1.909912109,131.5153809,-0.95489502,36.26850891
124.723999,-3.801147461,27.78564453,-13.30375671
117.7885742,0.961181641,-4.772705078,-4.805847168
-119.2922363,-0.959594727,3.730407715,4.79800415
190.6228027,0.959594727,12.515625,0
-146.6380615,0,-3.925048828,0
1.950927734,-129.6185913,0.975463867,-56.99986267
-126.8509521,-0.362915039,-30.93359375,6.902931213
-1.290649414,167.567749,-2.922790527,2.128875732
1.321899414,-143.9400024,-1.952148438,-0.959594727
314.2125244,-30.46130371,534.3861084,-27.06851196
1632.606323,1615.652954,-189.9422607,121.3641357
-2406.492188,-2386.930908,-13.51422119,-67.5526123
2496.828369,2455.859131,8.034423828,78.63537598
-2415.588623,-2388.845459,-7.96673584,-58.90991211
2472.373535,2454.583984,13.09564209,71.75335693
-2425.953613,-2385.896973,-0.767333984,-63.57104492
2490.366699,2460.956543,6.96673584,73.24935913
-2417.916992,-2386.196777,-5.266845703,-76.37670898
2648.449219,2467.594238,34.13635254,78.12965393
-2408.358643,-2390.016602,-6.916870117,-76.37670898
2489.969482,2400.28125,7.492431641,21.13742065
-2404.65918,-2396.402588,-4.517028809,-99.5291748
2479.164551,2483.494629,10.78894043,110.2541046
-2420.678223,-2334.245117,-4.05456543,-71.70498657
-1.499145508,111.9075012,-0.419677734,-21.04243469
-0.964294434,-150.6378937,-2.892944336,-3.102005005
2464.656006,2452.722656,4.599487305,99.56040955
-2408.947754,-2399.684326,-5.999084473,-80.45373535
2473.825684,2459.764648,3.11907959,101.8763123
-2410.122559,-2406.774414,-9.445495605,-110.7305298
2494.942383,2476.945068,1.14642334,103.8895874
-2410.088867,-2396.121338,-3.595336914,-84.70672607
2467.523926,2448.05249,1.540222168,90.43640137
-2407.228027,-2390.956543,-0.704833984,-97.6305542
2488.337891,2463.458984,2.100891113,104.836731
-2408.734619,-2394.989502,-4.975280762,-95.10771179
2493.89624,2471.765137,3.601196289,104.5001831
-2406.986816,-2388.209229,-7.866821289,-108.3706055
864.8917236,781.1021729,345.2801514,67.0819397
2499.210938,2475.781738,-7.03918457,128.9671326
-2427.084473,-2397.012939,13.89990234,-106.9149017
2474.144043,2441.25,-10.07873535,107.8839417
-2408.640137,-2398.044434,1.237548828,-113.5961914
2500.320801,2476.66748,-9.009277344,128.4603271
-2417.433594,-2394.256104,1.322631836,-112.8203125
2486.838867,2453.129395,-7.095825195,127.5839844
-2410.684814,-2392.285156,2.248901367,-136.6721191
2480.879395,2437.587158,-8.314575195,127.2614136
-2425.537598,-2387.827637,5.241333008,-124.9034882
2468.818848,2439.458008,-8.268188477,121.5318298
-2428.543701,-2391.802979,11.17419434,-112.7780151
2501.614014,2457.915039,-11.29724121,115.8989258
-2416.912109,-2387.583008,0.531738281,-118.744751
2470.010254,2436.616699,-9.340209961,102.2301178
-2431.624268,-2392.419922,14.23327637,-99.5133667
2490.832275,2451.403076,-4.4140625,133.4287415
-2424.727051,-2388.037598,2.389770508,-125.5203247
2466.388184,2432.194336,-5.54699707,132.6810303
-2422.606445,-2390.888916,3.338867188,-118.5261841
2501.51123,2463.001465,-13.22424316,134.3946838
-2413.736328,-2395.020508,2.403076172,-119.3552246
2462.305664,2441.130615,-7.053588867,127.4520264
-2415.47998,-2397.28125,2.334106445,-125.7487183
2482.087891,2452.020752,-13.03967285,115.7085266
-2425.194824,-2393.607178,12.96179199,-118.2190704
2482.673096,2453.237061,-10.9473877,121.1026001
-2421.30249,-2393.261963,6.210449219,-112.8203125
2462.363037,2437.571533,-7.163452148,120.5769348
-2424.100586,-2391.68457,10.95385742,-105.723877
2465.262207,2445.226563,-10.07067871,109.0162354
-2424.046387,-2394.137207,10.98950195,-119.4100647
2478.728027,2459.480957,-5.208496094,122.2934875
-2412.407715,-2395.510742,-0.687866211,-124.9035034
2488.851563,2461.634766,-8.144165039,121.8575439
-2423.37793,-2393.160156,5.323608398,-125.1302795
2483.224121,2455.675293,-7.284179688,115.5186005
-2413.663574,-2388.40918,7.32434082,-131.8038177
2480.259766,2450.885254,-8.232299805,128.0138245
-2419.473389,-2389.696045,3.288574219,-113.1837158
2478.092285,2448.079102,-3.237915039,127.3690186
-130.1645508,-8.636474609,-32.29650879,-0.959594727
-866.9658203,-847.1750488,-188.9594116,-34.35218811
-2408.784424,-2392.192383,-1.168273926,-89.46588135
2479.072754,2453.921387,-7.017028809,104.9321747
-2462.554688,-2385.256836,-111.2423096,-104.2988739
2477.421143,2450.262695,2.520507813,105.1039734
-2404.746582,-2389.947021,-9.517700195,-99.53729248
2483.505371,2459.37207,5.68939209,118.105484
-2416.37207,-2392.074707,2.064819336,-100.8279114
2456.846191,2427.65332,2.724731445,93.1151123
-2411.491943,-2389.042236,-6.269226074,-110.273407
2464.66748,2433.559082,-4.126037598,92.31323242
-2419.975098,-2389.233887,-4.075317383,-101.9484863
2477.382324,2451.851318,3.711425781,107.7014771
-2416.930664,-2392.255859,-2.123901367,-88.65036011
2468.55835,2439.327637,4.706115723,105.7838287
-2408.57373,-2390.003418,-3.35723877,-100.6554565
2480.654297,2453.311768,7.28125,105.2762756
-2407.590332,-2388.087158,-5.32421875,-99.70062256
2488.954834,2464.633301,4.692932129,107.9656219
-2409.73584,-2388.099854,-1.761413574,-99.54754639
2478.696777,2445.605225,1.434814453,92.81796265
-2409.751709,-2388.092041,2.140441895,-89.00140381
2497.31958,2463.619141,-3.076416016,106.0566406
-2414.467285,-2383.088135,-3.721069336,-82.84719849
2474.547607,2442.062744,5.06427002,105.604187
-2407.52002,-2390.07373,-3.37298584,-89.14746094
2461.42749,2434.254395,4.687805176,117.9042969
-2410.434082,-2391.064697,-4.342041016,-99.71081543
2465.066162,2433.018066,2.397521973,92.64945984
-2414.673584,-2387.202881,-3.707824707,-113.1296387
2467.401611,2441.481201,10.78393555,106.8327484
-2417.344238,-2387.018555,-1.792419434,-88.71026611
2466.797607,2437.655273,2.770568848,93.44825745
-2414.443359,-2389.947266,-4.717163086,-99.38464355
2478.461426,2459.745605,4.711914063,106.9962921
-2414.099121,-2387.026123,-1.452819824,-90.60469055
2491.550781,2472.623047,7.266845703,106.4046783
-2411.446289,-2392.952637,-2.778503418,-100.6626587
2476.52002,2457.2771,4.711914063,117.9121246
-2413.332275,-2393.840332,-2.776367188,-89.95161438
840.4448242,762.0163574,344.9869995,68.02308655
2463.895508,2449.117432,-2.406738281,128.7293396
-2412.149902,-2392.520996,4.456665039,-120.1289063
2489.102783,2472.09668,-11.13366699,122.8109131
-2404.366699,-2398.981934,2.552001953,-113.9624023
2639.224609,2464.602295,24.69250488,117.2016449
-2422.116211,-2395.90332,12.89501953,-114.5417786
2468.772949,2446.884277,-11.87109375,128.0059814
-2415.395264,-2392.152588,2.306030273,-126.0836182
2470.918457,2443.538574,-16.74841309,127.0700684
-2420.216309,-2394.023438,3.209716797,-113.4020996
-285.8309326,-1.215148926,-510.284668,-7.401672363
0.962768555,165.5839844,2.888183594,51.69238281
-844.9925537,-832.0146484,-201.0023804,-15.7076416
0.961181641,-128.6054535,0,11.15959167
-99.00036621,1.144561768,-32.67971802,1.130683899
114.0061951,0,8.622344971,0
-176.3938904,-1.897460938,0.480804443,-0.948722839
836.072876,751.473877,336.1419067,59.73495483
0,166.4265747,2.893005371,-2.869415283
151.6540527,-165.5953369,36.66339111,-5.013946533
-0.962768555,102.9216309,0,1.18536377
-0.964355469,-85.26519775,1.928588867,-6.706253052
1.928588867,79.28613281,0,5.989196777
0.964355469,-86.94885254,2.892944336,-6.947219849
1.931762695,79.64678955,0.965881348,-7.676803589
0.555664063,-85.50164795,3.933288574,6.935699463
1.477050781,-76.6428833,1.045837402,-4.790176392
-1.473999023,84.30712891,1.828308105,5.748214722
-0.533081055,702.0504761,1.829833984,59.41427612
0,-276.7272949,-4.782348633,122.7056732
1.489501953,-366.9790039,-1.825134277,-165.5876923
-6.265625,245.4549561,-1.999206543,162.4259186
-5.301391602,78.8157959,-2.002319336,4.805847168
1.916137695,-330.2159424,-1.91607666,-162.0027466
-2.427246094,212.7785034,1.829833984,154.7350311
5.823242188,-237.0212402,-5.576293945,-148.7380371
-3.398803711,231.6417236,3.764282227,157.6316681
5.319580078,-251.0687256,-0.880737305,-169.686203
0.962646484,231.7697754,-1.925537109,164.8583221
0.961181641,-149.7438965,-2.883544922,-134.817749
-2.440429688,192.2337646,-1.039367676,147.0588226
1.477661133,-204.5147705,1.039367676,-152.1187744
-6.28515625,155.4937744,-2.000549316,120.4096375
2.888183594,-142.9985352,-3.850952148,-129.0507202
-1.474487305,132.6405029,0.887634277,112.9692993
3.396850586,-185.2961426,-0.887634277,-136.7494812
-811.0456543,-828.9102783,-196.8583984,-23.35664368
0.965881348,-75.19334412,0.965911865,-3.807258606
0.046325684,81.25906372,-0.414642334,3.993202209
-120.7677002,0,-31.45999146,1.916069031
114.2131958,0,3.382324219,-1.909835815
-115.5514221,-0.559402466,-1.462432861,2.092018127
1558.12915,6.01965332,475.9050293,-1.694969177
-1563.973877,-2.22479248,-486.7965088,-2.137138367
1549.274902,2.628265381,437.7575073,0.406593323
117.5432129,0,-7.526672363,1.900535583
-120.4616699,-0.950256348,10.45458984,1.900535583
-1522.240723,-2.231002808,-412.5181274,-0.224189758
116.1355591,-0.392044067,-2.381561279,1.722335815
-118.0578613,0,-1.458404541,0
-1.928649902,352.5744019,-0.964324951,212.9623108
0,-70.64331055,0,-11.88424683
1.760375977,-152.5382385,-1.427337646,-10.48699951
-0.16986084,-152.3317871,1.465606689,-24.31600952
3.687408447,-344.1458435,1.462432861,-174.9268188
-0.793731689,298.8222656,-0.501953125,191.2090759
0.793731689,-272.2579346,0.498809814,-175.0899963
834.7668457,960.30896,333.6972656,172.6921387
19.55895996,-157.208252,-31.79602051,-149.2024384
0.961181641,-98.66949463,0,-5.921112061
-0.961181641,100.5700073,1.922363281,6.871368408
130.1816406,0.951904297,31.99481201,0
-823.8168945,-812.2994385,-203.2562561,-28.89616394
-0.987060547,297.8334656,1.345794678,195.9449921
1.942016602,-255.1253357,-0.395507813,-167.4847565
-2.898620605,315.776123,0.397460938,190.1325073
4.782409668,-277.9407959,-0.956481934,-161.778244
-0.999694824,153.8920288,1.350799561,149.1714172
-1.909851074,84.02694702,2.864746094,33.98840332
0.999694824,-238.7425842,-1.350799561,-165.7113953
0,-89.00106812,1.906707764,-2.073020935
-0.953369141,87.80343628,0,0
-2.895996094,366.3660278,3.241485596,230.9277954
-5.668762207,-140.9526672,0.559570313,-45.95150757
0,-204.6990356,1.903656006,-160.9861603
-2.890686035,303.9002991,1.345794678,196.4480896
0.030578613,-281.2969971,-2.299163818,-171.3883514
-1.930969238,207.7687073,-2.455688477,172.6870117
0.979187012,-212.0840759,0.558227539,-151.7579193
-0.029724121,309.0200195,0.392242432,198.3194275
0.978515625,-96.14477539,-1.342498779,-20.73709106
1.943054199,-208.2423096,0.56036377,-168.5269165
0,194.2575989,0,187.4618835
2.869445801,-158.5348206,-0.956481934,-160.205719
-0.029724121,170.9985962,2.295898438,158.7844238
-1.903625488,90.14199829,3.807281494,23.05532837
1.903625488,-260.1828003,-1.903656006,-163.9836884
-127.0316162,-0.941085815,-31.11325073,0
1.909820557,-83.09553528,-2.864746094,-3.014694214
800.0294189,723.7839966,341.4181519,43.0234375
2.892944336,260.0645752,-1.928649902,168.0213928
0,-234.2242432,2.888244629,-159.7008514
1.909790039,199.1313477,2.864746094,152.4988708
4.766845703,-215.1986084,-1.906738281,-139.7258606
0,-80.30560303,-2.864746094,-5.921569824
1.909790039,71.7701416,-1.909851074,12.55187988
1.906738281,224.6413574,0.953369141,163.4086304
2.874023438,-216.4970703,-0.958068848,-155.1466675
0,168.873291,1.91607666,129.026825
6.051025391,-155.5911865,-2.83380127,-122.3857422
-1.250610352,165.0784302,0.921569824,4.743637085
-0.959594727,-166.713623,0,-4.030258179
-1.916137695,215.5406494,-0.958007813,151.3240051
2.22668457,-226.9838867,-2.824462891,-166.5298462
-1.919189453,190.1704102,-2.87878418,124.0172119
-2.533325195,-149.2862549,2.79107666,-109.6016846
-0.959594727,177.7952881,1.919189453,115.4694214
-2.217285156,132.395752,0.914611816,40.4569397
2.220336914,-266.2331543,-1.872680664,-137.6880951
-2.216552734,185.4082031,0.912353516,129.737381
0,-155.6967773,-1.912963867,-111.4944611
0,141.0979004,0,120.1238708
1.912963867,-228.6610107,-1.912963867,-138.543045
1.612548828,184.9526367,-1.003723145,122.0305786
2.869506836,-158.366333,0,-121.5804901
0.956542969,153.5513916,4.782409668,112.0080261
-3.172363281,-120.0185547,2.816833496,-97.05793762
-810.8688965,-801.7210083,-211.0249329,-92.00361633
137.0362549,0,21.62133789,0
805.0527344,721.5429688,340.1157227,130.9633789
-122.9134521,5.393005371,-28.79138184,1.234985352
2.210693359,-83.48797607,2.92578125,-1.897445679
-0.282104492,78.74432373,-0.99395752,-8.538543701
-811.4212646,-796.6905518,-201.5882568,-93.26202393
1.903625488,-76.7137146,-1.903625488,-2.005828857
0.951812744,76.72135925,0,2.954536438
-1.718200684,681.3786621,1.393218994,64.92773438
3.801086426,-322.1237793,-2.850799561,150.5523834
-0.950286865,-313.4338989,-1.900543213,-190.2601013
133.987854,0.942596436,20.90591431,2.827789307
3.794921875,-112.1684799,-0.948730469,-6.70148468
807.4199219,729.8796387,347.3543701,146.3092804
-805.960022,-788.9678345,-209.7884521,-86.86402893
-122.2200012,-0.938041687,-31.81097412,0
803.678894,723.1401367,354.3279419,115.1384583
127.6204834,-0.436889648,30.47454834,0.273544312
-804.4118652,-787.8433228,-210.124115,-82.95417786
-118.9767761,0,-29.50622559,0
800.885376,719.7359009,352.7366943,121.1069489
134.1984863,0.443603516,31.61773682,5.389862061
-810.5544434,-797.0446167,-208.7747192,-92.27680969
-122.2294006,1.105628967,-32.4671936,0.12613678
806.6644287,728.0615234,344.5497437,116.0606689
-820.9321289,-809.4821777,-198.6711426,-73.91603088
129.2449951,0.953369141,32.37713623,1.906723022
-116.7137146,0,-34.0229187,0.948722839
133.3844299,0,21.11120605,0
-121.8899841,0,-28.37585449,1.909835815
135.0830078,-0.197860718,20.11871338,-0.145301819
1535.135864,-25.98545837,29.58166504,-28.67456055
-1557.230347,-2.882049561,-33.00445557,2.703933716
1601.907959,3.537872314,450.4812622,-2.021743774
1543.901367,863.8357544,4.517456055,20.83813477
-1535.347412,-6.346923828,-412.041626,5.651901245
121.4440918,1.677612305,-8.155212402,0.298233032
-112.4995117,-2.630004883,-3.515197754,-0.297515869
2.340087891,-846.5288086,0.225860596,-15.12127686
116.079834,0.641067505,3.901824951,1.632873535
-115.8891602,0,2.921569824,-1.894378662
-1556.113037,-3.502731323,-31.25219727,1.216156006
1583.248291,3.843109131,28.1986084,-1.742874146
-1555.412964,-4.18586731,-35.27844238,3.217468262
15.01818848,856.8358154,4.999084473,17.79508972
4.949890137,-840.3624268,0.171417236,-16.1758728
118.409729,0.94871521,4.774597168,-0.94871521
-106.2757568,-0.94871521,-1.51550293,-0.948730469
117.90271,-0.950271606,0.56036377,0.950271606
-118.8607788,-0.950271606,4.232910156,2.850799561
116.1785278,-0.617935181,-0.40411377,1.236236572
-106.3419189,0.332336426,0.95803833,1.236236572
374.0309448,0.615646362,307.7314758,-1.232452393
-330.0177002,-1.565917969,-290.4022217,4.080184937
331.4371338,0,414.6848145,-1.900543213
-321.8505859,-2.496826172,-438.6560364,-0.658126831
120.1733398,0,2.454345703,0
-186.4337158,1244.727539,1.605834961,73.79008484
6.845031738,-1237.403076,-3.661407471,-48.23147583
-8.779968262,1282.643555,3.113128662,42.4458313
4.967712402,-1223.517456,-2.152587891,-29.61914063
-5.019226074,1252.930176,4.109222412,66.68545532
3.948364258,-1218.462036,-2.739013672,-65.86090088
-112.8639832,-0.947189331,-31.56365967,0.947189331
255.0406494,-0.283889771,635.9063721,-3.091690063
-240.4595642,-0.663299561,-649.6774292,1.200378418
-2.779418945,1212.820435,2.8515625,116.351593
3.737487793,-1185.141968,-1.902862549,-99.2142334
-5.622436523,1233.049194,1.909057617,113.6797791
4.610717773,-1156.380981,-1.432952881,-92.9750061
-6.448120117,1166.846069,0.945648193,107.2167053
4.533538818,-1149.187988,-0.001556396,-64.02728271
129.1240845,0.679931641,30.60723877,-0.23059082
-5.08795166,1208.015137,-0.219818115,58.0446167
900.3168945,816.2644043,335.1486206,100.8097839
5.905883789,-1178.782227,-2.768310547,-172.8474274
371.9243164,1.188537598,323.647583,-0.21434021
-327.1169434,1.443481445,-288.8943481,0.429199219
324.1975098,0.227050781,416.8269043,-7.829910278
-320.3339844,1.67565918,-425.5612183,-7.399658203
-912.8568726,-895.833252,-210.704895,-12.52880859
-119.9500122,-0.950271606,-27.82839966,0.950271606
-0.1925354,126.4221344,0.500518799,-7.397529602
375.8947754,0.948730469,411.5573425,-4.743637085
-170.6571045,-0.948730469,-394.2801208,0
191.7957153,0.948730469,394.8189087,-4.743637085
-187.8659058,0.496520996,-415.3225708,-1.710868835
869.0783691,789.4287109,344.6583252,79.50387573
-1.922363281,165.885376,0,3.813446045
-153.5360107,-0.596923828,-3.838439941,15.55673218
372.1785889,-1.659057617,320.2494507,-0.578826904
-329.4035645,0.354736328,-289.8856812,7.903579712
326.0991211,-0.359375,425.3538208,7.313095093
-325.6971436,1.314331055,-431.1950073,0.2890625
119.9676514,0,29.99194336,0
-102.5963135,0,-2.025085449,-14.34710693
-958.2102661,-945.00354,-201.7044983,-51.98440552
0.962768555,91.52294922,0,7.626907349
-0.96270752,-83.98724365,1.925476074,-5.49961853
0,97.24310303,-1.925476074,7.626907349
110.3313599,0.961181641,4.425933838,4.805847168
-117.8394775,1.963500977,0.965881348,-3.606246948
115.1303711,0.965881348,1.934936523,-4.829483032
-116.0978394,0,0,-3.863601685
117.3021851,0.99987793,-1.367034912,0.2315979
-112.4146729,-3.913391113,-0.41394043,7.201690674
921.6768799,846.2022705,330.168396,56.48937988
119.0002441,2.25378418,0,8.327377319
-110.2929688,-1.922363281,-3.869873047,0
-0.973876953,-86.63415527,1.947692871,-12.87031555
0,99.65063477,-2.921569824,5.804901123
0.977050781,101.9195557,0.977111816,5.823974609
-1.174926758,-70.00256348,2.985595703,-12.63935852
-1.744750977,74.61828613,1.894226074,4.845336914
-2.6953125,92.57446289,-1.03729248,5.785903931
111.6260986,0,-2.911987305,0
-117.4500732,3.549438477,3.882629395,8.014862061
117.4505615,10.59008789,0.074645996,8.664672852
-102.8936768,-0.962646484,-2.015930176,0
119.7956543,-0.288696289,-0.859863281,0.315231323
-116.2711182,1.647827148,0,-8.405609131
1560.292969,1.792114258,325.4225464,-7.680374146
-1550.591309,0.149414063,-312.5323486,-7.697631836
1551.463745,-1.104248047,323.4667358,-0.981216431
-1597.75708,10.6965332,-349.3253174,-14.20043945
154.7119141,-0.969116211,4.960021973,0
117.3282471,-1.647705078,-1.879760742,7.412719727
-119.086792,-0.964233398,0.906921387,0
-155.9090576,65.19018555,-0.076599121,11.87919617
-1008.060364,-992.3473511,-200.183075,-45.80154419
-0.985351563,270.9732056,-0.557617188,170.6842041
1.95123291,-211.8031006,2.492584229,-156.9268341
0.965881348,280.6640625,4.829498291,169.9673615
0.017822266,-161.1265259,-1.374206543,-128.5379639
-1.945617676,168.8048706,1.369232178,142.9601746
-0.969055176,-126.7401123,-1.938140869,-116.0978394
-0.95513916,173.463501,-0.410522461,152.1439819
1.947692871,-121.0195923,0,-110.5717316
0,147.057251,1.947692871,135.447464
0,-94.81323242,0,-93.84573364
0,125.5667114,1.944519043,128.4644012
0.969055176,-129.9700928,-0.969085693,-112.6407318
0,-97.23687744,0,-8.664672852
-0.962341309,-103.9760742,2.501678467,-4.813705444
2.911987305,102.0505981,0.970672607,12.51564026
376.7526855,-1.989440918,291.8301392,3.640670776
-331.6911621,1.022033691,-275.5296631,-8.486022949
326.9716797,-0.043640137,413.7380066,3.611953735
-318.8358765,0,-427.6473999,0
0,-102.1077271,0,-8.905853271
-4.938110352,85.82427979,0.413482666,5.785903931
0.97064209,-124.4582214,0.970672607,-10.84294128
107.6473389,-0.961181641,1.531219482,0
-117.3411865,-0.961151123,-0.555786133,3.844680786
378.0958252,0.204528809,288.8174744,-0.208068848
-334.8394165,-0.204223633,-276.1788025,0.208587646
325.3967285,-0.551269531,414.446106,-0.414627075
-320.8096313,-0.959594727,-434.0108337,-3.838401794
162.3968506,0.954925537,3.450775146,-3.819664001
-157.2471924,-0.20223999,-0.97064209,-3.63028717
1.941345215,-162.9696655,-0.970672607,-0.964317322
172.211731,1.418792725,-1.934967041,-5.950546265
-174.1467285,-0.457641602,2.902435303,0.188232422
1541.89563,3.267303467,444.0264282,3.266899109
118.0307617,0.44631958,0,2.668403625
-107.4775391,-1.400024414,6.839477539,2.091125488
-1522.665894,-4.225341797,-436.729187,-0.392791748
1552.685547,5.678192139,456.5364075,-1.326622009
-1563.647827,-2.768371582,-424.9093018,2.668815613
946.24646,862.1550293,319.5339355,65.659729
0,166.9538574,0,10.95037842
0,-167.6920166,-2.916809082,6.479309082
119.7248535,1.934936523,0.053161621,0.967483521
-106.1505127,0.967407227,0,0
-116.6096191,0.968994141,0.93145752,7.752563477
2.940917969,-125.3450928,-2.940917969,-48.74798584
-1091.749146,-1078.680054,-204.2990112,-0.425109863
113.1069946,0.761550903,1.967071533,0.766296387
-119.2178345,-0.967483521,-0.53225708,0.967483521
1022.468262,934.1867676,317.4320679,4.289794922
366.6799316,1.964599609,299.0227661,-0.209518433
-316.444458,0.013671875,-280.6113892,-0.753051758
311.6424561,-0.046142578,396.6942139,-0.227798462
-310.6306152,2.001831055,-402.7042236,0.227798462
366.8144531,-0.993896484,290.6424561,8.512542725
-322.3908691,0.970703125,-277.7955322,-8.735961914
305.5609131,-8.779785156,401.7247925,7.540283203
-321.8568115,-3.889038086,-407.3677979,-8.750312805
121.4091797,0,-2.965637207,17.4719162
-115.0709229,2.916748047,-3.005981445,0
1567.60791,-1.31262207,323.6734619,-0.912033081
303.9611816,-1.044555664,210.1896362,-0.225494385
-1870.365479,3.125488281,-478.0422363,-7.865783691
1561.111694,0.040893555,281.7036133,8.124862671
-1514.250977,-1.975585938,-243.2770996,0.663818359
119.4746094,0.890869141,0.050537109,-7.498062134
-118.4158936,-2.90234375,0.986755371,0
118.4158936,0.073730469,-0.986816406,-0.217025757
-114.3491211,0,3.90435791,0
121.253418,0.965942383,-5.877990723,-7.72718811
232.8657227,3.863647461,6.991088867,8.693084717
-106.527832,0,-1.034729004,-8.693084717
108.9082031,-0.94128418,0.99005127,-0.220184326
-116.6352539,-1.010864258,4.942199707,0.218078613
-386.5239258,0.94921875,-3.060546875,0.206436157
419.361084,0,0.155761719,0
-423.1748047,0.934936523,-2.07208252,0.204849243
420.4885254,-13.48693848,2.076782227,17.19764709
-390.4710693,-1.938232422,-1.083679199,0
422.4555664,1.028564453,-3.857116699,-0.217025757
-289.178833,-1.025268555,-1.093261719,8.910095215
416.6483154,0,-1.829711914,0
-385.192749,-0.053100586,-9.938842773,-0.748886108
414.2183838,1.973754883,3.015625,-0.218078613
-389.5059814,-2.939575195,-3.015625,8.896934509
289.2541504,-3.824829102,8.033630371,-8.911682129
-386.690918,0.965942383,1.914489746,0
418.8479004,0.043579102,5.046691895,-8.911682129
-419.8266602,-1.980102539,-2.08795166,8.911682129
106.6171875,0.915893555,1.043640137,0.204849243
-106.7509766,-0.967529297,1.976867676,0
402.0183105,0.057739258,4.061523438,8.476593018
-403.145874,1.875732422,0.933227539,-8.475006104
412.2922363,2.90246582,1.093505859,0.967483521
-387.8323975,-2.897583008,1.860595703,-0.965911865
384.8947754,1.931762695,2.102966309,9.658981323
-388.9660645,-2.944335938,-1.051147461,0.218597412
411.6105957,-1.883544922,4.063476563,-0.203849792
-387.3391113,-0.041992188,-4.010559082,-16.21591187
415.9989014,1.094970703,7.957763672,-0.655822754
-387.3457031,-0.045166016,-4.985961914,8.911682129
410.6303711,2.897705078,7.023864746,0
-386.875,1.88659668,-3.076660156,-8.488739014
